{
    "learning_rate_0.1__beta_0.1": {
        "mean_runtime_per_image": 3.0703134722709655,
        "attack_success_rate": 46.800000000000004,
        "attack_success_rate_in_epsilon_l0": 0.0,
        "attack_success_rate_in_epsilon_l1": 46.800000000000004,
        "attack_success_rate_in_epsilon_l1_linf": 46.800000000000004,
        "attack_success_rate_in_epsilon_l2": 39.4,
        "mean_adv_distance_l1": 11.999999217497997,
        "mean_adv_distance_l2": 0.45587889614522964,
        "average_sparsity": 0.9831161263917961,
        "average_sparsity_l1_linf": 1831.8504273504273
    },
    "learning_rate_0.1__beta_0.2": {
        "mean_runtime_per_image": 3.030687411785126,
        "attack_success_rate": 50.0,
        "attack_success_rate_in_epsilon_l0": 0.0,
        "attack_success_rate_in_epsilon_l1": 50.0,
        "attack_success_rate_in_epsilon_l1_linf": 50.0,
        "attack_success_rate_in_epsilon_l2": 24.4,
        "mean_adv_distance_l1": 12.000000659942627,
        "mean_adv_distance_l2": 0.5555629115104675,
        "average_sparsity": 0.9855528539540821,
        "average_sparsity_l1_linf": 1530.936
    },
    "learning_rate_0.1__beta_0.5": {
        "mean_runtime_per_image": 2.988051700592041,
        "attack_success_rate": 53.400000000000006,
        "attack_success_rate_in_epsilon_l0": 0.0,
        "attack_success_rate_in_epsilon_l1": 53.400000000000006,
        "attack_success_rate_in_epsilon_l1_linf": 53.400000000000006,
        "attack_success_rate_in_epsilon_l2": 8.200000000000001,
        "mean_adv_distance_l1": 11.999998810585964,
        "mean_adv_distance_l2": 0.6986758929959843,
        "average_sparsity": 0.988033383414227,
        "average_sparsity_l1_linf": 1253.7827715355804
    },
    "learning_rate_0.1__beta_1.0": {
        "mean_runtime_per_image": 2.9803377757072447,
        "attack_success_rate": 55.60000000000001,
        "attack_success_rate_in_epsilon_l0": 0.0,
        "attack_success_rate_in_epsilon_l1": 55.60000000000001,
        "attack_success_rate_in_epsilon_l1_linf": 55.60000000000001,
        "attack_success_rate_in_epsilon_l2": 2.6,
        "mean_adv_distance_l1": 12.000000356770247,
        "mean_adv_distance_l2": 0.810847690958771,
        "average_sparsity": 0.9897364633803162,
        "average_sparsity_l1_linf": 1082.5935251798562
    },
    "learning_rate_0.2__beta_0.1": {
        "mean_runtime_per_image": 3.0163480982780455,
        "attack_success_rate": 50.2,
        "attack_success_rate_in_epsilon_l0": 0.0,
        "attack_success_rate_in_epsilon_l1": 50.2,
        "attack_success_rate_in_epsilon_l1_linf": 50.2,
        "attack_success_rate_in_epsilon_l2": 22.8,
        "mean_adv_distance_l1": 11.999999247699145,
        "mean_adv_distance_l2": 0.5823023993655505,
        "average_sparsity": 0.986441140201101,
        "average_sparsity_l1_linf": 1453.8844621513945
    },
    "learning_rate_0.2__beta_0.2": {
        "mean_runtime_per_image": 3.0100098776817323,
        "attack_success_rate": 52.6,
        "attack_success_rate_in_epsilon_l0": 0.0,
        "attack_success_rate_in_epsilon_l1": 52.6,
        "attack_success_rate_in_epsilon_l1_linf": 52.6,
        "attack_success_rate_in_epsilon_l2": 12.4,
        "mean_adv_distance_l1": 11.999999825945372,
        "mean_adv_distance_l2": 0.676802764600674,
        "average_sparsity": 0.9876144968443646,
        "average_sparsity_l1_linf": 1306.3460076045628
    },
    "learning_rate_0.2__beta_0.5": {
        "mean_runtime_per_image": 2.9997691707611085,
        "attack_success_rate": 55.2,
        "attack_success_rate_in_epsilon_l0": 0.0,
        "attack_success_rate_in_epsilon_l1": 55.2,
        "attack_success_rate_in_epsilon_l1_linf": 55.2,
        "attack_success_rate_in_epsilon_l2": 2.1999999999999997,
        "mean_adv_distance_l1": 12.000000566676043,
        "mean_adv_distance_l2": 0.8221422816100328,
        "average_sparsity": 0.9897174746823548,
        "average_sparsity_l1_linf": 1078.322463768116
    },
    "learning_rate_0.2__beta_1.0": {
        "mean_runtime_per_image": 2.974395579338074,
        "attack_success_rate": 56.8,
        "attack_success_rate_in_epsilon_l0": 0.0,
        "attack_success_rate_in_epsilon_l1": 56.8,
        "attack_success_rate_in_epsilon_l1_linf": 56.8,
        "attack_success_rate_in_epsilon_l2": 0.4,
        "mean_adv_distance_l1": 12.000000053728131,
        "mean_adv_distance_l2": 0.9364662894480665,
        "average_sparsity": 0.9918349382006325,
        "average_sparsity_l1_linf": 871.9683098591549
    },
    "learning_rate_0.5__beta_0.1": {
        "mean_runtime_per_image": 2.9861807794570923,
        "attack_success_rate": 53.6,
        "attack_success_rate_in_epsilon_l0": 0.0,
        "attack_success_rate_in_epsilon_l1": 53.6,
        "attack_success_rate_in_epsilon_l1_linf": 53.6,
        "attack_success_rate_in_epsilon_l2": 6.0,
        "mean_adv_distance_l1": 11.999999715321099,
        "mean_adv_distance_l2": 0.7530439425982646,
        "average_sparsity": 0.9881538377944458,
        "average_sparsity_l1_linf": 1239.410447761194
    },
    "learning_rate_0.5__beta_0.2": {
        "mean_runtime_per_image": 2.9759729948043825,
        "attack_success_rate": 55.800000000000004,
        "attack_success_rate_in_epsilon_l0": 0.0,
        "attack_success_rate_in_epsilon_l1": 55.800000000000004,
        "attack_success_rate_in_epsilon_l1_linf": 55.800000000000004,
        "attack_success_rate_in_epsilon_l2": 1.2,
        "mean_adv_distance_l1": 12.000001257893006,
        "mean_adv_distance_l2": 0.8535788967190677,
        "average_sparsity": 0.9900020982295252,
        "average_sparsity_l1_linf": 1057.6917562724013
    },
    "learning_rate_0.5__beta_0.5": {
        "mean_runtime_per_image": 2.9631921787261963,
        "attack_success_rate": 55.400000000000006,
        "attack_success_rate_in_epsilon_l0": 0.0,
        "attack_success_rate_in_epsilon_l1": 55.400000000000006,
        "attack_success_rate_in_epsilon_l1_linf": 55.400000000000006,
        "attack_success_rate_in_epsilon_l2": 0.0,
        "mean_adv_distance_l1": 12.000000306415213,
        "mean_adv_distance_l2": 0.9896395165567363,
        "average_sparsity": 0.992345499797391,
        "average_sparsity_l1_linf": 820.3971119133574
    },
    "learning_rate_0.5__beta_1.0": {
        "mean_runtime_per_image": 2.960160077571869,
        "attack_success_rate": 56.8,
        "attack_success_rate_in_epsilon_l0": 0.0,
        "attack_success_rate_in_epsilon_l1": 56.8,
        "attack_success_rate_in_epsilon_l1_linf": 56.8,
        "attack_success_rate_in_epsilon_l2": 0.0,
        "mean_adv_distance_l1": 12.000000211554514,
        "mean_adv_distance_l2": 1.0672134603832808,
        "average_sparsity": 0.9936097706027834,
        "average_sparsity_l1_linf": 695.1443661971831
    },
    "learning_rate_1.0__beta_0.1": {
        "mean_runtime_per_image": 2.9733922181129455,
        "attack_success_rate": 55.400000000000006,
        "attack_success_rate_in_epsilon_l0": 0.0,
        "attack_success_rate_in_epsilon_l1": 55.400000000000006,
        "attack_success_rate_in_epsilon_l1_linf": 55.400000000000006,
        "attack_success_rate_in_epsilon_l2": 1.2,
        "mean_adv_distance_l1": 12.00000005508588,
        "mean_adv_distance_l2": 0.894712495782315,
        "average_sparsity": 0.9900118610169701,
        "average_sparsity_l1_linf": 1047.8158844765344
    },
    "learning_rate_1.0__beta_0.2": {
        "mean_runtime_per_image": 2.963218068599701,
        "attack_success_rate": 55.60000000000001,
        "attack_success_rate_in_epsilon_l0": 0.0,
        "attack_success_rate_in_epsilon_l1": 55.60000000000001,
        "attack_success_rate_in_epsilon_l1_linf": 55.60000000000001,
        "attack_success_rate_in_epsilon_l2": 0.6,
        "mean_adv_distance_l1": 12.00000059690407,
        "mean_adv_distance_l2": 0.9816871746409711,
        "average_sparsity": 0.9919012414430706,
        "average_sparsity_l1_linf": 863.9820143884892
    },