{
    "learning_rate_0.2__beta_0.05": {
        96.8  /  0.0  /  14.0  /  28.2  /  27.0
    },
    "learning_rate_0.2__beta_0.1": {
        99.8  /  0.0  /  14.0  /  28.0  /  27.2
    },
    "learning_rate_0.2__beta_0.2": {
        100.0  /  0.0  /  14.2  /  28.2  /  27.6
    },
    "learning_rate_0.2__beta_0.5": {
        100.0  /  0.0  /  14.2  /  27.4  /  27.2
    },
    "learning_rate_0.2__beta_1.0": {
        100.0  /  0.0  /  14.0  /  26.6  /  26.4
    },
    "learning_rate_0.2__beta_2.0": {
        100.0  /  0.0  /  13.8  /  25.6  /  25.8
    },
    "learning_rate_0.2__beta_5.0": {
        100.0  /  0.0  /  14.0  /  23.4  /  23.8
    },
    "learning_rate_0.5__beta_0.05": {
        "mean_runtime_per_image": 2.1691118383407595,
        "attack_success_rate": 100.0,
        "attack_success_rate_in_epsilon_l0": 0.0,
        "attack_success_rate_in_epsilon_l1": 14.2,
        "attack_success_rate_in_epsilon_l1_linf": 28.199999999999996,
        "attack_success_rate_in_epsilon_l2": 27.6,
        "mean_adv_distance_l1": 40.27125995230675,
        "mean_adv_distance_l2": 0.9720509227011352,
        "average_sparsity": 0.047040364583333334,
        "average_sparsity_l1_linf": 1012.632
    },
    "learning_rate_0.5__beta_0.1": {
        "mean_runtime_per_image": 2.220941061973572,
        "attack_success_rate": 100.0,
        "attack_success_rate_in_epsilon_l0": 0.0,
        "attack_success_rate_in_epsilon_l1": 14.2,
        "attack_success_rate_in_epsilon_l1_linf": 27.6,
        "attack_success_rate_in_epsilon_l2": 27.400000000000002,
        "mean_adv_distance_l1": 40.14008375257254,
        "mean_adv_distance_l2": 0.9637725986521691,
        "average_sparsity": 0.05064713541666671,
        "average_sparsity_l1_linf": 1012.368
    },
    "learning_rate_0.5__beta_0.2": {
        "mean_runtime_per_image": 2.1841139650344847,
        "attack_success_rate": 100.0,
        "attack_success_rate_in_epsilon_l0": 0.0,
        "attack_success_rate_in_epsilon_l1": 14.000000000000002,
        "attack_success_rate_in_epsilon_l1_linf": 27.400000000000002,
        "attack_success_rate_in_epsilon_l2": 27.400000000000002,
        "mean_adv_distance_l1": 40.10741204190254,
        "mean_adv_distance_l2": 0.9627068539652973,
        "average_sparsity": 0.053139973958333316,
        "average_sparsity_l1_linf": 1012.076
    },
    "learning_rate_0.5__beta_0.5": {
        "mean_runtime_per_image": 2.1817824187278747,
        "attack_success_rate": 100.0,
        "attack_success_rate_in_epsilon_l0": 0.0,
        "attack_success_rate_in_epsilon_l1": 14.000000000000002,
        "attack_success_rate_in_epsilon_l1_linf": 26.200000000000003,
        "attack_success_rate_in_epsilon_l2": 26.0,
        "mean_adv_distance_l1": 41.00226715618372,
        "mean_adv_distance_l2": 0.98445484688133,
        "average_sparsity": 0.054482421875000006,
        "average_sparsity_l1_linf": 1011.856
    },
    "learning_rate_0.5__beta_1.0": {
        "mean_runtime_per_image": 2.1802964992523193,
        "attack_success_rate": 100.0,
        "attack_success_rate_in_epsilon_l0": 0.0,
        "attack_success_rate_in_epsilon_l1": 13.8,
        "attack_success_rate_in_epsilon_l1_linf": 25.0,
        "attack_success_rate_in_epsilon_l2": 25.2,
        "mean_adv_distance_l1": 42.55669246384502,
        "mean_adv_distance_l2": 1.0215324200782925,
        "average_sparsity": 0.0555677083333333,
        "average_sparsity_l1_linf": 1011.882
    },
    "learning_rate_0.5__beta_2.0": {
        "mean_runtime_per_image": 2.1829998178482057,
        "attack_success_rate": 100.0,
        "attack_success_rate_in_epsilon_l0": 0.0,
        "attack_success_rate_in_epsilon_l1": 14.000000000000002,
        "attack_success_rate_in_epsilon_l1_linf": 23.799999999999997,
        "attack_success_rate_in_epsilon_l2": 24.0,
        "mean_adv_distance_l1": 45.05858011123538,
        "mean_adv_distance_l2": 1.0806084088329226,
        "average_sparsity": 0.05633398437499999,
        "average_sparsity_l1_linf": 1012.21
    },
    "learning_rate_0.5__beta_5.0": {
        "mean_runtime_per_image": 2.1773345694541932,
        "attack_success_rate": 100.0,
        "attack_success_rate_in_epsilon_l0": 0.0,
        "attack_success_rate_in_epsilon_l1": 2.1999999999999997,
        "attack_success_rate_in_epsilon_l1_linf": 9.4,
        "attack_success_rate_in_epsilon_l2": 9.0,
        "mean_adv_distance_l1": 383.5832334718704,
        "mean_adv_distance_l2": 7.90836339507997,
        "average_sparsity": 0.02738802083333334,
        "average_sparsity_l1_linf": 1017.28
    },
    "learning_rate_1.0__beta_0.05": {
        "mean_runtime_per_image": 2.1835197687149046,
        "attack_success_rate": 100.0,
        "attack_success_rate_in_epsilon_l0": 0.0,
        "attack_success_rate_in_epsilon_l1": 14.000000000000002,
        "attack_success_rate_in_epsilon_l1_linf": 27.6,
        "attack_success_rate_in_epsilon_l2": 27.400000000000002,
        "mean_adv_distance_l1": 40.1376882084012,
        "mean_adv_distance_l2": 0.9632757765054702,
        "average_sparsity": 0.049772786458333364,
        "average_sparsity_l1_linf": 1012.568
    },
    "learning_rate_1.0__beta_0.1": {
        "mean_runtime_per_image": 2.184559183597565,
        "attack_success_rate": 100.0,
        "attack_success_rate_in_epsilon_l0": 0.0,
        "attack_success_rate_in_epsilon_l1": 13.8,
        "attack_success_rate_in_epsilon_l1_linf": 27.400000000000002,
        "attack_success_rate_in_epsilon_l2": 27.200000000000003,
        "mean_adv_distance_l1": 40.21102641493082,
        "mean_adv_distance_l2": 0.9637090613581241,
        "average_sparsity": 0.05210872395833334,
        "average_sparsity_l1_linf": 1012.37
    },
    "learning_rate_1.0__beta_0.2": {
        "mean_runtime_per_image": 2.184896701335907,
        "attack_success_rate": 100.0,
        "attack_success_rate_in_epsilon_l0": 0.0,
        "attack_success_rate_in_epsilon_l1": 14.000000000000002,
        "attack_success_rate_in_epsilon_l1_linf": 26.6,
        "attack_success_rate_in_epsilon_l2": 26.8,
        "mean_adv_distance_l1": 40.771780519485475,
        "mean_adv_distance_l2": 0.97726747206226,
        "average_sparsity": 0.05357421874999999,
        "average_sparsity_l1_linf": 1011.984
    },
    "learning_rate_1.0__beta_0.5": {
        "mean_runtime_per_image": 2.1839658975601197,
        "attack_success_rate": 100.0,
        "attack_success_rate_in_epsilon_l0": 0.0,
        "attack_success_rate_in_epsilon_l1": 13.8,
        "attack_success_rate_in_epsilon_l1_linf": 25.2,
        "attack_success_rate_in_epsilon_l2": 25.2,
        "mean_adv_distance_l1": 42.70284904962778,
        "mean_adv_distance_l2": 1.0230738220326603,
        "average_sparsity": 0.05533789062499999,
        "average_sparsity_l1_linf": 1011.92
    },
    "learning_rate_1.0__beta_1.0": {
        "mean_runtime_per_image": 2.182656111240387,
        "attack_success_rate": 100.0,
        "attack_success_rate_in_epsilon_l0": 0.0,
        "attack_success_rate_in_epsilon_l1": 13.8,
        "attack_success_rate_in_epsilon_l1_linf": 24.0,
        "attack_success_rate_in_epsilon_l2": 23.799999999999997,
        "mean_adv_distance_l1": 45.19661290934682,
        "mean_adv_distance_l2": 1.0822539749834688,
        "average_sparsity": 0.056002604166666706,
        "average_sparsity_l1_linf": 1012.144
    },
    "learning_rate_1.0__beta_2.0": {
        "mean_runtime_per_image": 2.190727372646332,
        "attack_success_rate": 100.0,
        "attack_success_rate_in_epsilon_l0": 0.0,
        "attack_success_rate_in_epsilon_l1": 4.2,
        "attack_success_rate_in_epsilon_l1_linf": 13.600000000000001,
        "attack_success_rate_in_epsilon_l2": 13.8,
        "mean_adv_distance_l1": 209.615475710392,
        "mean_adv_distance_l2": 4.401049897879362,
        "average_sparsity": 0.03453450520833334,
        "average_sparsity_l1_linf": 1016.792
    },
    "learning_rate_1.0__beta_5.0": {
        "mean_runtime_per_image": 2.0368930854797362,