{
    "learning_rate_0.05__beta_0.1": {
        "mean_runtime_per_image": 0.15700448703765868,
        "attack_success_rate": 51.4,
        "attack_success_rate_in_epsilon_l0": 0.0,
        "attack_success_rate_in_epsilon_l1": 0.0,
        "attack_success_rate_in_epsilon_l1_linf": 51.4,
        "attack_success_rate_in_epsilon_l2": 51.4,
        "mean_adv_distance_l1": 4.739471352053988,
        "mean_adv_distance_l2": 0.29404424635352794,
        "average_sparsity": 0.8162973208495462,
        "average_sparsity_l1_linf": 188.1556420233463
    },
    "learning_rate_0.05__beta_0.2": {
        "mean_runtime_per_image": 0.15924274444580078,
        "attack_success_rate": 55.800000000000004,
        "attack_success_rate_in_epsilon_l0": 0.0,
        "attack_success_rate_in_epsilon_l1": 0.0,
        "attack_success_rate_in_epsilon_l1_linf": 55.800000000000004,
        "attack_success_rate_in_epsilon_l2": 55.800000000000004,
        "mean_adv_distance_l1": 4.970249446062204,
        "mean_adv_distance_l2": 0.3546140700792326,
        "average_sparsity": 0.868851273148148,
        "average_sparsity_l1_linf": 134.31541218637992
    },
    "learning_rate_0.05__beta_0.5": {
        "mean_runtime_per_image": 0.15843072843551637,
        "attack_success_rate": 57.99999999999999,
        "attack_success_rate_in_epsilon_l0": 0.0,
        "attack_success_rate_in_epsilon_l1": 0.0,
        "attack_success_rate_in_epsilon_l1_linf": 57.99999999999999,
        "attack_success_rate_in_epsilon_l2": 57.599999999999994,
        "mean_adv_distance_l1": 5.19422904376326,
        "mean_adv_distance_l2": 0.4207174497431722,
        "average_sparsity": 0.8988258800287358,
        "average_sparsity_l1_linf": 103.62413793103448
    },
    "learning_rate_0.05__beta_1.0": {
        "mean_runtime_per_image": 0.15794066190719605,
        "attack_success_rate": 59.0,
        "attack_success_rate_in_epsilon_l0": 0.0,
        "attack_success_rate_in_epsilon_l1": 0.0,
        "attack_success_rate_in_epsilon_l1_linf": 59.0,
        "attack_success_rate_in_epsilon_l2": 56.00000000000001,
        "mean_adv_distance_l1": 5.297834646903862,
        "mean_adv_distance_l2": 0.4515025634886855,
        "average_sparsity": 0.9075929113700566,
        "average_sparsity_l1_linf": 94.64067796610169
    },
    "learning_rate_0.05__beta_2.0": {
        "mean_runtime_per_image": 0.15796110391616822,
        "attack_success_rate": 58.8,
        "attack_success_rate_in_epsilon_l0": 0.0,
        "attack_success_rate_in_epsilon_l1": 0.0,
        "attack_success_rate_in_epsilon_l1_linf": 58.8,
        "attack_success_rate_in_epsilon_l2": 52.800000000000004,
        "mean_adv_distance_l1": 5.370109953847872,
        "mean_adv_distance_l2": 0.4778394461894522,
        "average_sparsity": 0.9130826158588435,
        "average_sparsity_l1_linf": 89.0204081632653
    },
    "learning_rate_0.1__beta_0.1": {
        "mean_runtime_per_image": 0.1593336639404297,
        "attack_success_rate": 56.00000000000001,
        "attack_success_rate_in_epsilon_l0": 0.0,
        "attack_success_rate_in_epsilon_l1": 0.0,
        "attack_success_rate_in_epsilon_l1_linf": 56.00000000000001,
        "attack_success_rate_in_epsilon_l2": 56.00000000000001,
        "mean_adv_distance_l1": 4.9770442264420645,
        "mean_adv_distance_l2": 0.36317849435976574,
        "average_sparsity": 0.8723225911458333,
        "average_sparsity_l1_linf": 130.7642857142857
    },
    "learning_rate_0.1__beta_0.2": {
        "mean_runtime_per_image": 0.15818165636062623,
        "attack_success_rate": 57.599999999999994,
        "attack_success_rate_in_epsilon_l0": 0.0,
        "attack_success_rate_in_epsilon_l1": 0.0,
        "attack_success_rate_in_epsilon_l1_linf": 57.599999999999994,
        "attack_success_rate_in_epsilon_l2": 57.199999999999996,
        "mean_adv_distance_l1": 5.156263169315126,
        "mean_adv_distance_l2": 0.4108028681948781,
        "average_sparsity": 0.8945662887008103,
        "average_sparsity_l1_linf": 107.98611111111111
    },
    "learning_rate_0.1__beta_0.5": {
        "mean_runtime_per_image": 0.15864316034317016,
        "attack_success_rate": 59.0,
        "attack_success_rate_in_epsilon_l0": 0.0,
        "attack_success_rate_in_epsilon_l1": 0.0,
        "attack_success_rate_in_epsilon_l1_linf": 59.0,
        "attack_success_rate_in_epsilon_l2": 55.800000000000004,
        "mean_adv_distance_l1": 5.303158751988815,
        "mean_adv_distance_l2": 0.4550357577154192,
        "average_sparsity": 0.9079934675141241,
        "average_sparsity_l1_linf": 94.2271186440678
    },
    "learning_rate_0.1__beta_1.0": {
        "mean_runtime_per_image": 0.15687751722335816,
        "attack_success_rate": 58.8,
        "attack_success_rate_in_epsilon_l0": 0.0,
        "attack_success_rate_in_epsilon_l1": 0.0,
        "attack_success_rate_in_epsilon_l1_linf": 58.8,
        "attack_success_rate_in_epsilon_l2": 52.800000000000004,
        "mean_adv_distance_l1": 5.369088330236422,
        "mean_adv_distance_l2": 0.47749398405454596,
        "average_sparsity": 0.9126120500283446,
        "average_sparsity_l1_linf": 89.5
    },
    "learning_rate_0.1__beta_2.0": {
        "mean_runtime_per_image": 0.15808761644363403,
        "attack_success_rate": 59.4,
        "attack_success_rate_in_epsilon_l0": 0.0,
        "attack_success_rate_in_epsilon_l1": 0.0,
        "attack_success_rate_in_epsilon_l1_linf": 59.4,
        "attack_success_rate_in_epsilon_l2": 49.8,
        "mean_adv_distance_l1": 5.400860930934097,
        "mean_adv_distance_l2": 0.4967800791215415,
        "average_sparsity": 0.9162041421156004,
        "average_sparsity_l1_linf": 85.82154882154882
    },
    "learning_rate_0.2__beta_0.1": {
        "mean_runtime_per_image": 0.1586916856765747,
        "attack_success_rate": 57.599999999999994,
        "attack_success_rate_in_epsilon_l0": 0.0,
        "attack_success_rate_in_epsilon_l1": 0.0,
        "attack_success_rate_in_epsilon_l1_linf": 57.599999999999994,
        "attack_success_rate_in_epsilon_l2": 56.599999999999994,
        "mean_adv_distance_l1": 5.173331224256092,
        "mean_adv_distance_l2": 0.4194584072877963,
        "average_sparsity": 0.8963803891782409,
        "average_sparsity_l1_linf": 106.12847222222223
    },
    "learning_rate_0.2__beta_0.2": {
        "mean_runtime_per_image": 0.15909024620056153,
        "attack_success_rate": 59.4,
        "attack_success_rate_in_epsilon_l0": 0.0,
        "attack_success_rate_in_epsilon_l1": 0.0,
        "attack_success_rate_in_epsilon_l1_linf": 59.4,
        "attack_success_rate_in_epsilon_l2": 56.599999999999994,
        "mean_adv_distance_l1": 5.277080691623366,
        "mean_adv_distance_l2": 0.4492083768852632,
        "average_sparsity": 0.906434132996633,
        "average_sparsity_l1_linf": 95.82491582491582
    },
    "learning_rate_0.2__beta_0.5": {
        "mean_runtime_per_image": 0.157481321811676,
        "attack_success_rate": 58.599999999999994,
        "attack_success_rate_in_epsilon_l0": 0.0,
        "attack_success_rate_in_epsilon_l1": 0.0,
        "attack_success_rate_in_epsilon_l1_linf": 58.599999999999994,
        "attack_success_rate_in_epsilon_l2": 52.400000000000006,
        "mean_adv_distance_l1": 5.365267613642045,
        "mean_adv_distance_l2": 0.4794718175617908,
        "average_sparsity": 0.9134225682593856,
        "average_sparsity_l1_linf": 88.66894197952219
    },
    "learning_rate_0.2__beta_1.0": {
        "mean_runtime_per_image": 0.15840824604034423,
        "attack_success_rate": 59.0,
        "attack_success_rate_in_epsilon_l0": 0.0,
        "attack_success_rate_in_epsilon_l1": 0.0,
        "attack_success_rate_in_epsilon_l1_linf": 59.0,
        "attack_success_rate_in_epsilon_l2": 48.0,
        "mean_adv_distance_l1": 5.409455089245812,
        "mean_adv_distance_l2": 0.4984778366856656,
        "average_sparsity": 0.9164923199152543,
        "average_sparsity_l1_linf": 85.52542372881356
    },