{
    "learning_rate_0.05__beta_0.1": {
        "mean_runtime_per_image": 0.18114412307739258,
        "attack_success_rate": 25.0,
        "attack_success_rate_in_epsilon_l0": 0.0,
        "attack_success_rate_in_epsilon_l1": 25.0,
        "attack_success_rate_in_epsilon_l1_linf": 25.0,
        "attack_success_rate_in_epsilon_l2": 25.0,
        "mean_adv_distance_l1": 2.0000000410079957,
        "mean_adv_distance_l2": 0.200313485622406,
        "average_sparsity": 0.9329114583333329,
        "average_sparsity_l1_linf": 148.448
    },
    "learning_rate_0.05__beta_0.2": {
        "mean_runtime_per_image": 0.17558232450485228,
        "attack_success_rate": 28.999999999999996,
        "attack_success_rate_in_epsilon_l0": 0.0,
        "attack_success_rate_in_epsilon_l1": 28.999999999999996,
        "attack_success_rate_in_epsilon_l1_linf": 28.999999999999996,
        "attack_success_rate_in_epsilon_l2": 28.999999999999996,
        "mean_adv_distance_l1": 1.9999999958893349,
        "mean_adv_distance_l2": 0.2322807717939903,
        "average_sparsity": 0.9529094827586201,
        "average_sparsity_l1_linf": 107.66206896551724
    },
    "learning_rate_0.05__beta_0.5": {
        "mean_runtime_per_image": 0.17464257144927978,
        "attack_success_rate": 29.2,
        "attack_success_rate_in_epsilon_l0": 0.0,
        "attack_success_rate_in_epsilon_l1": 29.2,
        "attack_success_rate_in_epsilon_l1_linf": 29.2,
        "attack_success_rate_in_epsilon_l2": 29.2,
        "mean_adv_distance_l1": 1.999999947743873,
        "mean_adv_distance_l2": 0.25646663916437595,
        "average_sparsity": 0.962103578053653,
        "average_sparsity_l1_linf": 88.43150684931507
    },
    "learning_rate_0.05__beta_1.0": {
        "mean_runtime_per_image": 0.17358995485305787,
        "attack_success_rate": 29.599999999999998,
        "attack_success_rate_in_epsilon_l0": 0.0,
        "attack_success_rate_in_epsilon_l1": 29.599999999999998,
        "attack_success_rate_in_epsilon_l1_linf": 29.599999999999998,
        "attack_success_rate_in_epsilon_l2": 29.599999999999998,
        "mean_adv_distance_l1": 1.9999999613375277,
        "mean_adv_distance_l2": 0.2672443454330032,
        "average_sparsity": 0.9647931623029274,
        "average_sparsity_l1_linf": 82.63513513513513
    },
    "learning_rate_0.05__beta_2.0": {
        "mean_runtime_per_image": 0.17338481712341308,
        "attack_success_rate": 29.799999999999997,
        "attack_success_rate_in_epsilon_l0": 0.0,
        "attack_success_rate_in_epsilon_l1": 29.799999999999997,
        "attack_success_rate_in_epsilon_l1_linf": 29.799999999999997,
        "attack_success_rate_in_epsilon_l2": 29.799999999999997,
        "mean_adv_distance_l1": 2.000000018401434,
        "mean_adv_distance_l2": 0.2745934727807973,
        "average_sparsity": 0.9663905201342283,
        "average_sparsity_l1_linf": 78.84563758389261
    },
    "learning_rate_0.1__beta_0.1": {
        "mean_runtime_per_image": 0.17578553342819214,
        "attack_success_rate": 28.999999999999996,
        "attack_success_rate_in_epsilon_l0": 0.0,
        "attack_success_rate_in_epsilon_l1": 28.999999999999996,
        "attack_success_rate_in_epsilon_l1_linf": 28.999999999999996,
        "attack_success_rate_in_epsilon_l2": 28.999999999999996,
        "mean_adv_distance_l1": 1.99999994573922,
        "mean_adv_distance_l2": 0.23661753288630782,
        "average_sparsity": 0.9539623742816097,
        "average_sparsity_l1_linf": 105.70344827586207
    },
    "learning_rate_0.1__beta_0.2": {
        "mean_runtime_per_image": 0.17451820135116577,
        "attack_success_rate": 29.4,
        "attack_success_rate_in_epsilon_l0": 0.0,
        "attack_success_rate_in_epsilon_l1": 29.4,
        "attack_success_rate_in_epsilon_l1_linf": 29.4,
        "attack_success_rate_in_epsilon_l2": 29.4,
        "mean_adv_distance_l1": 2.0000000064875803,
        "mean_adv_distance_l2": 0.25374880068156186,
        "average_sparsity": 0.9611567283163264,
        "average_sparsity_l1_linf": 90.12925170068027
    },
    "learning_rate_0.1__beta_0.5": {
        "mean_runtime_per_image": 0.17367736482620239,
        "attack_success_rate": 29.599999999999998,
        "attack_success_rate_in_epsilon_l0": 0.0,
        "attack_success_rate_in_epsilon_l1": 29.599999999999998,
        "attack_success_rate_in_epsilon_l1_linf": 29.599999999999998,
        "attack_success_rate_in_epsilon_l2": 29.599999999999998,
        "mean_adv_distance_l1": 1.9999999653648686,
        "mean_adv_distance_l2": 0.2676034109616602,
        "average_sparsity": 0.9650087098817574,
        "average_sparsity_l1_linf": 82.10810810810811
    },
    "learning_rate_0.1__beta_1.0": {
        "mean_runtime_per_image": 0.17367850589752198,
        "attack_success_rate": 30.0,
        "attack_success_rate_in_epsilon_l0": 0.0,
        "attack_success_rate_in_epsilon_l1": 30.0,
        "attack_success_rate_in_epsilon_l1_linf": 30.0,
        "attack_success_rate_in_epsilon_l2": 30.0,
        "mean_adv_distance_l1": 1.9999999976158143,
        "mean_adv_distance_l2": 0.27575633525848386,
        "average_sparsity": 0.9666254340277779,
        "average_sparsity_l1_linf": 78.25333333333333
    },
    "learning_rate_0.1__beta_2.0": {
        "mean_runtime_per_image": 0.17315271520614625,
        "attack_success_rate": 29.599999999999998,
        "attack_success_rate_in_epsilon_l0": 0.0,
        "attack_success_rate_in_epsilon_l1": 29.599999999999998,
        "attack_success_rate_in_epsilon_l1_linf": 29.599999999999998,
        "attack_success_rate_in_epsilon_l2": 29.599999999999998,
        "mean_adv_distance_l1": 2.0000000596046448,
        "mean_adv_distance_l2": 0.28000645349557335,
        "average_sparsity": 0.9673753343186936,
        "average_sparsity_l1_linf": 76.29054054054055
    },
    "learning_rate_0.2__beta_0.1": {
        "mean_runtime_per_image": 0.17364811182022094,
        "attack_success_rate": 29.599999999999998,
        "attack_success_rate_in_epsilon_l0": 0.0,
        "attack_success_rate_in_epsilon_l1": 29.599999999999998,
        "attack_success_rate_in_epsilon_l1_linf": 29.599999999999998,
        "attack_success_rate_in_epsilon_l2": 29.599999999999998,
        "mean_adv_distance_l1": 2.000000046717154,
        "mean_adv_distance_l2": 0.2571453482315347,
        "average_sparsity": 0.9618392806869369,
        "average_sparsity_l1_linf": 88.8445945945946
    },
    "learning_rate_0.2__beta_0.2": {
        "mean_runtime_per_image": 0.17403504133224487,
        "attack_success_rate": 29.799999999999997,
        "attack_success_rate_in_epsilon_l0": 0.0,
        "attack_success_rate_in_epsilon_l1": 29.799999999999997,
        "attack_success_rate_in_epsilon_l1_linf": 29.799999999999997,
        "attack_success_rate_in_epsilon_l2": 29.799999999999997,
        "mean_adv_distance_l1": 1.9999999855988777,
        "mean_adv_distance_l2": 0.2657731996486651,
        "average_sparsity": 0.9643303446588368,
        "average_sparsity_l1_linf": 83.49664429530202
    },
    "learning_rate_0.2__beta_0.5": {
        "mean_runtime_per_image": 0.17340706634521486,
        "attack_success_rate": 30.2,
        "attack_success_rate_in_epsilon_l0": 0.0,
        "attack_success_rate_in_epsilon_l1": 30.2,
        "attack_success_rate_in_epsilon_l1_linf": 30.2,
        "attack_success_rate_in_epsilon_l2": 30.2,
        "mean_adv_distance_l1": 1.9999999707897766,
        "mean_adv_distance_l2": 0.27486019754251895,
        "average_sparsity": 0.9666351924668876,
        "average_sparsity_l1_linf": 78.27814569536424
    },
    "learning_rate_0.2__beta_1.0": {
        "mean_runtime_per_image": 0.17294057846069336,
        "attack_success_rate": 29.599999999999998,
        "attack_success_rate_in_epsilon_l0": 0.0,
        "attack_success_rate_in_epsilon_l1": 29.599999999999998,
        "attack_success_rate_in_epsilon_l1_linf": 29.599999999999998,
        "attack_success_rate_in_epsilon_l2": 29.599999999999998,