{
    "learning_rate_0.1__beta_0.01": {
        "mean_runtime_per_image": 3.0385449385643004,
        "attack_success_rate": 44.6,
        "attack_success_rate_in_epsilon_l0": 0.0,
        "attack_success_rate_in_epsilon_l1": 5.800000000000001,
        "attack_success_rate_in_epsilon_l1_linf": 15.2,
        "attack_success_rate_in_epsilon_l2": 44.6,
        "mean_adv_distance_l1": 5.375405638507931,
        "mean_adv_distance_l2": 0.17174230068462645,
        "average_sparsity": 0.06932134015321378,
        "average_sparsity_l1_linf": 1000.7085201793722
    },
    "learning_rate_0.1__beta_0.02": {
        "mean_runtime_per_image": 3.039236328125,
        "attack_success_rate": 77.60000000000001,
        "attack_success_rate_in_epsilon_l0": 0.0,
        "attack_success_rate_in_epsilon_l1": 6.2,
        "attack_success_rate_in_epsilon_l1_linf": 15.0,
        "attack_success_rate_in_epsilon_l2": 75.4,
        "mean_adv_distance_l1": 8.507656358067216,
        "mean_adv_distance_l2": 0.2579090543302525,
        "average_sparsity": 0.08383755503651202,
        "average_sparsity_l1_linf": 991.8917525773196
    },
    "learning_rate_0.1__beta_0.05": {
        "mean_runtime_per_image": 3.0439588203430175,
        "attack_success_rate": 98.8,
        "attack_success_rate_in_epsilon_l0": 0.0,
        "attack_success_rate_in_epsilon_l1": 8.6,
        "attack_success_rate_in_epsilon_l1_linf": 15.2,
        "attack_success_rate_in_epsilon_l2": 85.39999999999999,
        "mean_adv_distance_l1": 11.28037411672806,
        "mean_adv_distance_l2": 0.3266700424936408,
        "average_sparsity": 0.14654631621120096,
        "average_sparsity_l1_linf": 958.3522267206478
    },
    "learning_rate_0.1__beta_0.1": {
        "mean_runtime_per_image": 3.03911927652359,
        "attack_success_rate": 100.0,
        "attack_success_rate_in_epsilon_l0": 0.0,
        "attack_success_rate_in_epsilon_l1": 10.0,
        "attack_success_rate_in_epsilon_l1_linf": 16.0,
        "attack_success_rate_in_epsilon_l2": 85.8,
        "mean_adv_distance_l1": 11.401013759881257,
        "mean_adv_distance_l2": 0.3316668884176761,
        "average_sparsity": 0.23295898437500007,
        "average_sparsity_l1_linf": 911.49
    },
    "learning_rate_0.1__beta_0.2": {
        "mean_runtime_per_image": 3.0397157144546507,
        "attack_success_rate": 100.0,
        "attack_success_rate_in_epsilon_l0": 0.2,
        "attack_success_rate_in_epsilon_l1": 11.200000000000001,
        "attack_success_rate_in_epsilon_l1_linf": 16.0,
        "attack_success_rate_in_epsilon_l2": 86.6,
        "mean_adv_distance_l1": 10.994794822990894,
        "mean_adv_distance_l2": 0.33164846918918195,
        "average_sparsity": 0.3334837239583334,
        "average_sparsity_l1_linf": 850.49
    },
    "learning_rate_0.1__beta_0.5": {
        "mean_runtime_per_image": 3.038555804729462,
        "attack_success_rate": 100.0,
        "attack_success_rate_in_epsilon_l0": 0.2,
        "attack_success_rate_in_epsilon_l1": 12.2,
        "attack_success_rate_in_epsilon_l1_linf": 16.8,
        "attack_success_rate_in_epsilon_l2": 85.8,
        "mean_adv_distance_l1": 10.505914547681808,
        "mean_adv_distance_l2": 0.3405930352546275,
        "average_sparsity": 0.44968945312499986,
        "average_sparsity_l1_linf": 762.25
    },
    "learning_rate_0.2__beta_0.01": {
        "mean_runtime_per_image": 3.0504402561187742,
        "attack_success_rate": 92.0,
        "attack_success_rate_in_epsilon_l0": 0.0,
        "attack_success_rate_in_epsilon_l1": 7.3999999999999995,
        "attack_success_rate_in_epsilon_l1_linf": 15.4,
        "attack_success_rate_in_epsilon_l2": 81.39999999999999,
        "mean_adv_distance_l1": 9.505177254488935,
        "mean_adv_distance_l2": 0.3175815602997318,
        "average_sparsity": 0.08398154438405804,
        "average_sparsity_l1_linf": 992.1608695652174
    },
    "learning_rate_0.2__beta_0.02": {
        "mean_runtime_per_image": 3.0457778515815734,
        "attack_success_rate": 98.8,
        "attack_success_rate_in_epsilon_l0": 0.0,
        "attack_success_rate_in_epsilon_l1": 8.4,
        "attack_success_rate_in_epsilon_l1_linf": 15.4,
        "attack_success_rate_in_epsilon_l2": 84.39999999999999,
        "mean_adv_distance_l1": 10.850757769275049,
        "mean_adv_distance_l2": 0.33563758578030806,
        "average_sparsity": 0.13397225033738197,
        "average_sparsity_l1_linf": 967.5890688259109
    },
    "learning_rate_0.2__beta_0.05": {
        "mean_runtime_per_image": 3.042596977233887,
        "attack_success_rate": 100.0,
        "attack_success_rate_in_epsilon_l0": 0.0,
        "attack_success_rate_in_epsilon_l1": 10.2,
        "attack_success_rate_in_epsilon_l1_linf": 15.8,
        "attack_success_rate_in_epsilon_l2": 85.39999999999999,
        "mean_adv_distance_l1": 11.170058625996113,
        "mean_adv_distance_l2": 0.33328312736190857,
        "average_sparsity": 0.23913802083333344,
        "average_sparsity_l1_linf": 909.364
    },
    "learning_rate_0.2__beta_0.1": {
        "mean_runtime_per_image": 3.039863530635834,
        "attack_success_rate": 100.0,
        "attack_success_rate_in_epsilon_l0": 0.2,
        "attack_success_rate_in_epsilon_l1": 11.200000000000001,
        "attack_success_rate_in_epsilon_l1_linf": 16.0,
        "attack_success_rate_in_epsilon_l2": 85.8,
        "mean_adv_distance_l1": 10.900487251788379,
        "mean_adv_distance_l2": 0.33271505286730824,
        "average_sparsity": 0.33727018229166683,
        "average_sparsity_l1_linf": 848.636
    },
    "learning_rate_0.2__beta_0.2": {
        "mean_runtime_per_image": 3.0343045663833617,
        "attack_success_rate": 100.0,
        "attack_success_rate_in_epsilon_l0": 0.2,
        "attack_success_rate_in_epsilon_l1": 12.2,
        "attack_success_rate_in_epsilon_l1_linf": 16.0,
        "attack_success_rate_in_epsilon_l2": 85.8,
        "mean_adv_distance_l1": 10.578714542895556,
        "mean_adv_distance_l2": 0.33752899198047814,
        "average_sparsity": 0.42426171875000046,
        "average_sparsity_l1_linf": 783.5
    },
    "learning_rate_0.2__beta_0.5": {
        "mean_runtime_per_image": 3.041305624008179,
        "attack_success_rate": 100.0,
        "attack_success_rate_in_epsilon_l0": 0.2,
        "attack_success_rate_in_epsilon_l1": 12.0,
        "attack_success_rate_in_epsilon_l1_linf": 17.4,
        "attack_success_rate_in_epsilon_l2": 82.8,
        "mean_adv_distance_l1": 10.434586304992438,
        "mean_adv_distance_l2": 0.3557198035158217,
        "average_sparsity": 0.5098444010416667,
        "average_sparsity_l1_linf": 707.904
    },
    "learning_rate_0.5__beta_0.01": {
        "mean_runtime_per_image": 3.038630034446716,
        "attack_success_rate": 100.0,
        "attack_success_rate_in_epsilon_l0": 0.0,
        "attack_success_rate_in_epsilon_l1": 9.6,
        "attack_success_rate_in_epsilon_l1_linf": 15.8,
        "attack_success_rate_in_epsilon_l2": 84.2,
        "mean_adv_distance_l1": 10.433173626869918,
        "mean_adv_distance_l2": 0.3483357109129429,
        "average_sparsity": 0.18138541666666666,
        "average_sparsity_l1_linf": 945.638
    },
    "learning_rate_0.5__beta_0.02": {
        "mean_runtime_per_image": 3.040200134277344,
        "attack_success_rate": 100.0,
        "attack_success_rate_in_epsilon_l0": 0.0,
        "attack_success_rate_in_epsilon_l1": 10.8,
        "attack_success_rate_in_epsilon_l1_linf": 15.8,
        "attack_success_rate_in_epsilon_l2": 84.8,
        "mean_adv_distance_l1": 10.692142588973045,
        "mean_adv_distance_l2": 0.3375290348865092,
        "average_sparsity": 0.26094010416666674,
        "average_sparsity_l1_linf": 899.232
    },
    "learning_rate_0.5__beta_0.05": {
        "mean_runtime_per_image": 3.0329247922897338,
        "attack_success_rate": 100.0,
        "attack_success_rate_in_epsilon_l0": 0.2,
        "attack_success_rate_in_epsilon_l1": 11.600000000000001,