{
    "learning_rate_0.5__beta_0.5": {
        "mean_runtime_per_image": 3.092389039516449,
        "attack_success_rate": 40.8,
        "attack_success_rate_in_epsilon_l0": 0.0,
        "attack_success_rate_in_epsilon_l1": 40.8,
        "attack_success_rate_in_epsilon_l1_linf": 40.8,
        "attack_success_rate_in_epsilon_l2": 0.0,
        "mean_adv_distance_l1": 75.00000280492446,
        "mean_adv_distance_l2": 5.352352765260958,
        "average_sparsity": 0.9972542402377613,
        "average_sparsity_l1_linf": 302.1764705882353
    },
    "learning_rate_0.5__beta_1.0": {
        "mean_runtime_per_image": 3.090156819820404,
        "attack_success_rate": 42.199999999999996,
        "attack_success_rate_in_epsilon_l0": 0.0,
        "attack_success_rate_in_epsilon_l1": 42.199999999999996,
        "attack_success_rate_in_epsilon_l1_linf": 42.199999999999996,
        "attack_success_rate_in_epsilon_l2": 0.0,
        "mean_adv_distance_l1": 75.00000130169765,
        "mean_adv_distance_l2": 5.560625554261049,
        "average_sparsity": 0.9976228068982328,
        "average_sparsity_l1_linf": 263.1090047393365
    },
    "learning_rate_0.5__beta_2.0": {
        "mean_runtime_per_image": 3.087132012844086,
        "attack_success_rate": 43.6,
        "attack_success_rate_in_epsilon_l0": 0.0,
        "attack_success_rate_in_epsilon_l1": 43.6,
        "attack_success_rate_in_epsilon_l1_linf": 43.6,
        "attack_success_rate_in_epsilon_l2": 0.0,
        "mean_adv_distance_l1": 74.99999832013332,
        "mean_adv_distance_l2": 5.712328584916001,
        "average_sparsity": 0.9978163409142323,
        "average_sparsity_l1_linf": 243.59174311926606
    },
    "learning_rate_0.5__beta_5.0": {
        "mean_runtime_per_image": 3.0928128819465637,
        "attack_success_rate": 44.800000000000004,
        "attack_success_rate_in_epsilon_l0": 0.0,
        "attack_success_rate_in_epsilon_l1": 44.800000000000004,
        "attack_success_rate_in_epsilon_l1_linf": 44.800000000000004,
        "attack_success_rate_in_epsilon_l2": 0.0,
        "mean_adv_distance_l1": 75.00000183922904,
        "mean_adv_distance_l2": 5.876441680959293,
        "average_sparsity": 0.998006036608282,
        "average_sparsity_l1_linf": 225.70089285714286
    },
    "learning_rate_1.0__beta_0.5": {
        "mean_runtime_per_image": 3.09176730632782,
        "attack_success_rate": 42.199999999999996,
        "attack_success_rate_in_epsilon_l0": 0.0,
        "attack_success_rate_in_epsilon_l1": 42.199999999999996,
        "attack_success_rate_in_epsilon_l1_linf": 42.199999999999996,
        "attack_success_rate_in_epsilon_l2": 0.0,
        "mean_adv_distance_l1": 75.00000126553938,
        "mean_adv_distance_l2": 5.601232579534088,
        "average_sparsity": 0.9976282222752854,
        "average_sparsity_l1_linf": 263.0521327014218
    },
    "learning_rate_1.0__beta_1.0": {
        "mean_runtime_per_image": 3.0991496896743773,
        "attack_success_rate": 43.4,
        "attack_success_rate_in_epsilon_l0": 0.0,
        "attack_success_rate_in_epsilon_l1": 43.4,
        "attack_success_rate_in_epsilon_l1_linf": 43.4,
        "attack_success_rate_in_epsilon_l2": 0.0,
        "mean_adv_distance_l1": 75.000000492219,
        "mean_adv_distance_l2": 5.7281765674116425,
        "average_sparsity": 0.9978334327682684,
        "average_sparsity_l1_linf": 242.45622119815667
    },
    "learning_rate_1.0__beta_2.0": {
        "mean_runtime_per_image": 3.1073610200881956,
        "attack_success_rate": 44.800000000000004,
        "attack_success_rate_in_epsilon_l0": 0.0,
        "attack_success_rate_in_epsilon_l1": 44.800000000000004,
        "attack_success_rate_in_epsilon_l1_linf": 44.800000000000004,
        "attack_success_rate_in_epsilon_l2": 0.0,
        "mean_adv_distance_l1": 74.99999914850507,
        "mean_adv_distance_l2": 5.848584852048329,
        "average_sparsity": 0.9979724049915719,
        "average_sparsity_l1_linf": 228.75
    },
    "learning_rate_1.0__beta_5.0": {
        "mean_runtime_per_image": 3.0938689861297606,
        "attack_success_rate": 44.800000000000004,
        "attack_success_rate_in_epsilon_l0": 0.0,
        "attack_success_rate_in_epsilon_l1": 44.800000000000004,
        "attack_success_rate_in_epsilon_l1_linf": 44.800000000000004,
        "attack_success_rate_in_epsilon_l2": 0.0,
        "mean_adv_distance_l1": 74.99999993188041,
        "mean_adv_distance_l2": 5.943550888981138,
        "average_sparsity": 0.998066656559387,
        "average_sparsity_l1_linf": 219.54910714285714
    },
    "learning_rate_2.0__beta_0.5": {
        "mean_runtime_per_image": 3.099777936935425,
        "attack_success_rate": 43.6,
        "attack_success_rate_in_epsilon_l0": 0.0,
        "attack_success_rate_in_epsilon_l1": 43.6,
        "attack_success_rate_in_epsilon_l1_linf": 43.6,
        "attack_success_rate_in_epsilon_l2": 0.0,
        "mean_adv_distance_l1": 75.00000360471392,
        "mean_adv_distance_l2": 5.755334008724318,
        "average_sparsity": 0.9978506848553641,
        "average_sparsity_l1_linf": 241.1697247706422
    },
    "learning_rate_2.0__beta_1.0": {
        "mean_runtime_per_image": 3.097015556335449,
        "attack_success_rate": 44.2,
        "attack_success_rate_in_epsilon_l0": 0.0,
        "attack_success_rate_in_epsilon_l1": 44.2,
        "attack_success_rate_in_epsilon_l1_linf": 44.2,
        "attack_success_rate_in_epsilon_l2": 0.0,
        "mean_adv_distance_l1": 74.9999998619114,
        "mean_adv_distance_l2": 5.862389581775234,
        "average_sparsity": 0.9980006125046168,
        "average_sparsity_l1_linf": 225.84162895927602
    },
    "learning_rate_2.0__beta_2.0": {
        "mean_runtime_per_image": 3.094342299938202,
        "attack_success_rate": 45.6,
        "attack_success_rate_in_epsilon_l0": 0.0,
        "attack_success_rate_in_epsilon_l1": 45.6,
        "attack_success_rate_in_epsilon_l1_linf": 45.6,
        "attack_success_rate_in_epsilon_l2": 0.0,
        "mean_adv_distance_l1": 75.00000026769806,
        "mean_adv_distance_l2": 5.937649904635915,
        "average_sparsity": 0.9980633083825631,
        "average_sparsity_l1_linf": 219.9780701754386
    },
    "learning_rate_2.0__beta_5.0": {
        "mean_runtime_per_image": 3.100169560909271,
        "attack_success_rate": 43.4,
        "attack_success_rate_in_epsilon_l0": 0.0,
        "attack_success_rate_in_epsilon_l1": 43.4,
        "attack_success_rate_in_epsilon_l1_linf": 43.4,
        "attack_success_rate_in_epsilon_l2": 0.0,
        "mean_adv_distance_l1": 75.00000186340051,
        "mean_adv_distance_l2": 6.035722660029538,
        "average_sparsity": 0.9981869655984512,
        "average_sparsity_l1_linf": 210.33179723502303
    },
    "learning_rate_5.0__beta_0.5": {
        "mean_runtime_per_image": 3.1298291506767275,
        "attack_success_rate": 44.800000000000004,
        "attack_success_rate_in_epsilon_l0": 0.0,
        "attack_success_rate_in_epsilon_l1": 44.800000000000004,
        "attack_success_rate_in_epsilon_l1_linf": 44.800000000000004,
        "attack_success_rate_in_epsilon_l2": 0.0,
        "mean_adv_distance_l1": 74.99999856948853,
        "mean_adv_distance_l2": 5.917874598077366,
        "average_sparsity": 0.9980492179433161,
        "average_sparsity_l1_linf": 221.26785714285714
    },
    "learning_rate_5.0__beta_1.0": {
        "mean_runtime_per_image": 3.110415102481842,
        "attack_success_rate": 45.4,
        "attack_success_rate_in_epsilon_l0": 0.0,
        "attack_success_rate_in_epsilon_l1": 45.4,
        "attack_success_rate_in_epsilon_l1_linf": 45.4,
        "attack_success_rate_in_epsilon_l2": 0.0,
        "mean_adv_distance_l1": 74.99999915975832,
        "mean_adv_distance_l2": 5.971759651200887,
        "average_sparsity": 0.9980528159088516,
        "average_sparsity_l1_linf": 222.14537444933922
    },
    "learning_rate_5.0__beta_2.0": {
        "mean_runtime_per_image": 3.1090166273117066,