{
    "pgd": {
        "mean_runtime_per_image": 0.5929228856563568,
        "attack_success_rate": 57.599999999999994,
        "attack_success_rate_in_epsilon_l0": 0.4,
        "attack_success_rate_in_epsilon_l1": 57.599999999999994,
        "attack_success_rate_in_epsilon_l2": 0.0,
        "mean_adv_distance_l1": 24.526403527292942,
        "mean_adv_distance_l2": 2.702826992919048,
        "average_sparsity": 0.9278394911024304
    },
    "SLIDE": {
        "mean_runtime_per_image": 0.643574274778366,
        "attack_success_rate": 99.3,
        "attack_success_rate_in_epsilon_l0": 0.0,
        "attack_success_rate_in_epsilon_l1": 99.3,
        "attack_success_rate_in_epsilon_l2": 0.0,
        "mean_adv_distance_l1": 24.847007280870265,
        "mean_adv_distance_l2": 1.952714322556902,
        "average_sparsity": 0.9273606652819745
    },
    "custom_apgd": {
        "mean_runtime_per_image": 0.8381889786720276,
        "attack_success_rate": 99.9,
        "attack_success_rate_in_epsilon_l0": 0.0,
        "attack_success_rate_in_epsilon_l1": 99.9,
        "attack_success_rate_in_epsilon_l2": 0.0,
        "mean_adv_distance_l1": 24.9999995284133,
        "mean_adv_distance_l2": 1.3499479385109636,
        "average_sparsity": 0.7176356043543544
    },
    "ead_fb": {
        "mean_runtime_per_image": 1.886486341238022,
        "attack_success_rate": 100.0,
        "attack_success_rate_in_epsilon_l0": 0.4,
        "attack_success_rate_in_epsilon_l1": 100.0,
        "attack_success_rate_in_epsilon_l2": 81.5,
        "mean_adv_distance_l1": 5.792424306713045,
        "mean_adv_distance_l2": 0.3719428154299967,
        "average_sparsity": 0.7521676432291667
    },
    "ead_fb_L1_rule_higher_beta": {
        "mean_runtime_per_image": 1.5144529612064361,
        "attack_success_rate": 97.6,
        "attack_success_rate_in_epsilon_l0": 5.800000000000001,
        "attack_success_rate_in_epsilon_l1": 97.6,
        "attack_success_rate_in_epsilon_l2": 48.6,
        "mean_adv_distance_l1": 6.526298220704508,
        "mean_adv_distance_l2": 0.6020761200066533,
        "average_sparsity": 0.9200012540556702
    }
}