{
    "pgd": {
        "mean_runtime_per_image": 0.37565737462043763,
        "attack_success_rate": 10.5,
        "attack_success_rate_in_epsilon_l0": 0.3,
        "attack_success_rate_in_epsilon_l1": 10.5,
        "attack_success_rate_in_epsilon_l2": 0.0,
        "mean_adv_distance_l1": 3.9999999727521622,
        "mean_adv_distance_l2": 0.7974932250522432,
        "average_sparsity": 0.9845982142857146
    },
    "SLIDE": {
        "mean_runtime_per_image": 0.41090239214897156,
        "attack_success_rate": 12.0,
        "attack_success_rate_in_epsilon_l0": 0.0,
        "attack_success_rate_in_epsilon_l1": 12.0,
        "attack_success_rate_in_epsilon_l2": 0.2,
        "mean_adv_distance_l1": 4.000000011920929,
        "mean_adv_distance_l2": 0.7100408400098482,
        "average_sparsity": 0.9824924045138885
    },
    "custom_apgd": {
        "mean_runtime_per_image": 0.7110543992519379,
        "attack_success_rate": 12.8,
        "attack_success_rate_in_epsilon_l0": 0.4,
        "attack_success_rate_in_epsilon_l1": 12.8,
        "attack_success_rate_in_epsilon_l2": 0.2,
        "mean_adv_distance_l1": 4.000000009313226,
        "mean_adv_distance_l2": 0.7470836867578328,
        "average_sparsity": 0.9832967122395833
    },
    "ead_fb": {
        "mean_runtime_per_image": 1.2812067725658416,
        "attack_success_rate": 7.6,
        "attack_success_rate_in_epsilon_l0": 0.1,
        "attack_success_rate_in_epsilon_l1": 7.6,
        "attack_success_rate_in_epsilon_l2": 7.6,
        "mean_adv_distance_l1": 2.0692165674347627,
        "mean_adv_distance_l2": 0.1551766720796494,
        "average_sparsity": 0.8281292831688598
    },
    "ead_fb_L1_rule_higher_beta": {
        "mean_runtime_per_image": 1.0504517786502838,
        "attack_success_rate": 12.7,
        "attack_success_rate_in_epsilon_l0": 2.3,
        "attack_success_rate_in_epsilon_l1": 12.7,
        "attack_success_rate_in_epsilon_l2": 9.0,
        "mean_adv_distance_l1": 1.9354068162873035,
        "mean_adv_distance_l2": 0.4052532226961898,
        "average_sparsity": 0.9825269644028868
    }
}