{
    "projected_gradient_descent": {
        "mean_runtime_per_image": 0.7212075912952423,
        "attack_success_rate": 46.0,
        "attack_success_rate_in_epsilon_l0": 11.3,
        "attack_success_rate_in_epsilon_l1": 46.0,
        "attack_success_rate_in_epsilon_l2": 10.0,
        "mean_adv_distance_l1": 5.519697384924992,
        "mean_adv_distance_l2": 0.78716386380079,
        "average_sparsity": 0.9839213937952896
    },
    "custom_apgd": {
        "mean_runtime_per_image": 0.8549851477146149,
        "attack_success_rate": 100.0,
        "attack_success_rate_in_epsilon_l0": 0.0,
        "attack_success_rate_in_epsilon_l1": 100.0,
        "attack_success_rate_in_epsilon_l2": 0.0,
        "mean_adv_distance_l1": 25.00000082397461,
        "mean_adv_distance_l2": 1.5465221613645554,
        "average_sparsity": 0.5378710937499999
    },
    "ead_fb": {
        "mean_runtime_per_image": 2.1912554070949555,
        "attack_success_rate": 100.0,
        "attack_success_rate_in_epsilon_l0": 0.8999999999999999,
        "attack_success_rate_in_epsilon_l1": 100.0,
        "attack_success_rate_in_epsilon_l2": 97.3,
        "mean_adv_distance_l1": 3.050993017850444,
        "mean_adv_distance_l2": 0.2092319164701039,
        "average_sparsity": 0.7984843750000002
    },
    "ead_fb_L1_rule_higher_beta": {
        "mean_runtime_per_image": 1.7572711679935455,
        "attack_success_rate": 99.8,
        "attack_success_rate_in_epsilon_l0": 19.3,
        "attack_success_rate_in_epsilon_l1": 99.8,
        "attack_success_rate_in_epsilon_l2": 70.6,
        "mean_adv_distance_l1": 3.9046254262313216,
        "mean_adv_distance_l2": 0.44489007447575607,
        "average_sparsity": 0.9479835321685036
    }
}