{
    "projected_gradient_descent": {
        "mean_runtime_per_image": 9.236107751131058,
        "attack_success_rate": 1.0,
        "attack_success_rate_in_epsilon_l0": 0.8,
        "attack_success_rate_in_epsilon_l1": 1.0,
        "attack_success_rate_in_epsilon_l2": 0.1,
        "mean_adv_distance_l1": 4.57323802113533,
        "mean_adv_distance_l2": 1.1765898942947388,
        "average_sparsity": 0.9998618197278912
    },
    "custom_apgd": {
        "mean_runtime_per_image": 6.629760073661804,
        "attack_success_rate": 44.9,
        "attack_success_rate_in_epsilon_l0": 0.0,
        "attack_success_rate_in_epsilon_l1": 44.9,
        "attack_success_rate_in_epsilon_l2": 0.0,
        "mean_adv_distance_l1": 74.9999991504015,
        "mean_adv_distance_l2": 6.209489691761926,
        "average_sparsity": 0.9984609186798324
    },
    "ead_fb": {
        "mean_runtime_per_image": 21.57736338376999,
        "attack_success_rate": 23.9,
        "attack_success_rate_in_epsilon_l0": 0.0,
        "attack_success_rate_in_epsilon_l1": 23.9,
        "attack_success_rate_in_epsilon_l2": 4.3999999999999995,
        "mean_adv_distance_l1": 36.11218519140986,
        "mean_adv_distance_l2": 1.5159258668049858,
        "average_sparsity": 0.9769348573634479
    },
    "ead_fb_L1_rule_higher_beta": {
        "mean_runtime_per_image": 18.737657528162003,
        "attack_success_rate": 38.3,
        "attack_success_rate_in_epsilon_l0": 1.7000000000000002,
        "attack_success_rate_in_epsilon_l1": 38.3,
        "attack_success_rate_in_epsilon_l2": 1.0,
        "mean_adv_distance_l1": 30.869539049368925,
        "mean_adv_distance_l2": 3.0264324015565705,
        "average_sparsity": 0.9980207181599785
    }
}