{
    "pgd": {
        "mean_runtime_per_image": 5.524887234449387,
        "attack_success_rate": 1.5,
        "attack_success_rate_in_epsilon_l0": 1.2,
        "attack_success_rate_in_epsilon_l1": 1.5,
        "attack_success_rate_in_epsilon_l2": 0.1,
        "mean_adv_distance_l1": 7.662069936593373,
        "mean_adv_distance_l2": 1.89635325272878,
        "average_sparsity": 0.9999131944444445
    },
    "SLIDE": {
        "mean_runtime_per_image": 5.06667874789238,
        "attack_success_rate": 4.3,
        "attack_success_rate_in_epsilon_l0": 0.0,
        "attack_success_rate_in_epsilon_l1": 4.3,
        "attack_success_rate_in_epsilon_l2": 0.0,
        "mean_adv_distance_l1": 24.999985229137334,
        "mean_adv_distance_l2": 0.6640241215395373,
        "average_sparsity": 0.9899961438063596
    },
    "custom_apgd": {
        "mean_runtime_per_image": 3.9925078177452087,
        "attack_success_rate": 17.9,
        "attack_success_rate_in_epsilon_l0": 0.0,
        "attack_success_rate_in_epsilon_l1": 17.9,
        "attack_success_rate_in_epsilon_l2": 0.0,
        "mean_adv_distance_l1": 24.999999850821894,
        "mean_adv_distance_l2": 3.522928064761881,
        "average_sparsity": 0.9994558817765934
    },
    "ead_fb": {
        "mean_runtime_per_image": 14.52087364935875,
        "attack_success_rate": 7.9,
        "attack_success_rate_in_epsilon_l0": 0.0,
        "attack_success_rate_in_epsilon_l1": 7.9,
        "attack_success_rate_in_epsilon_l2": 4.1000000000000005,
        "mean_adv_distance_l1": 12.720411422131937,
        "mean_adv_distance_l2": 0.7245309835040494,
        "average_sparsity": 0.9861399266985271
    },
    "ead_fb_L1_rule_higher_beta": {
        "mean_runtime_per_image": 11.815625076055527,
        "attack_success_rate": 17.7,
        "attack_success_rate_in_epsilon_l0": 1.6,
        "attack_success_rate_in_epsilon_l1": 17.7,
        "attack_success_rate_in_epsilon_l2": 1.0999999999999999,
        "mean_adv_distance_l1": 12.070045361579474,
        "mean_adv_distance_l2": 1.856132780385893,
        "average_sparsity": 0.9991153174723287
    }
}