{
    "pgd": {
        "mean_runtime_per_image": 0.596389429807663,
        "attack_success_rate": 44.1,
        "attack_success_rate_in_epsilon_l0": 11.200000000000001,
        "attack_success_rate_in_epsilon_l1": 44.1,
        "attack_success_rate_in_epsilon_l2": 11.1,
        "mean_adv_distance_l1": 3.3135923308715256,
        "mean_adv_distance_l2": 0.591721074093902,
        "average_sparsity": 0.9845078656462588
    },
    "SLIDE": {
        "mean_runtime_per_image": 0.64700910282135,
        "attack_success_rate": 89.3,
        "attack_success_rate_in_epsilon_l0": 0.0,
        "attack_success_rate_in_epsilon_l1": 89.3,
        "attack_success_rate_in_epsilon_l2": 30.099999999999998,
        "mean_adv_distance_l1": 3.994658689082403,
        "mean_adv_distance_l2": 0.6023612480281048,
        "average_sparsity": 0.9634465256392292
    },
    "custom_apgd": {
        "mean_runtime_per_image": 0.8526076819896699,
        "attack_success_rate": 95.19999999999999,
        "attack_success_rate_in_epsilon_l0": 0.0,
        "attack_success_rate_in_epsilon_l1": 95.19999999999999,
        "attack_success_rate_in_epsilon_l2": 31.900000000000002,
        "mean_adv_distance_l1": 3.999999951915581,
        "mean_adv_distance_l2": 0.6037398372002009,
        "average_sparsity": 0.9342540238751754
    },
    "ead_fb": {
        "mean_runtime_per_image": 2.066826780319214,
        "attack_success_rate": 77.10000000000001,
        "attack_success_rate_in_epsilon_l0": 1.0999999999999999,
        "attack_success_rate_in_epsilon_l1": 77.10000000000001,
        "attack_success_rate_in_epsilon_l2": 77.10000000000001,
        "mean_adv_distance_l1": 1.828646287370362,
        "mean_adv_distance_l2": 0.15063315692575752,
        "average_sparsity": 0.8448460468006915
    },
    "ead_fb_L1_rule_higher_beta": {
        "mean_runtime_per_image": 1.787125771522522,
        "attack_success_rate": 71.1,
        "attack_success_rate_in_epsilon_l0": 18.8,
        "attack_success_rate_in_epsilon_l1": 71.1,
        "attack_success_rate_in_epsilon_l2": 67.30000000000001,
        "mean_adv_distance_l1": 1.4810101957533262,
        "mean_adv_distance_l2": 0.28066659113261244,
        "average_sparsity": 0.9755543468706067
    }
}