{
    "pgd": {
        "mean_runtime_per_image": 9.129155433177948,
        "attack_success_rate": 1.5,
        "attack_success_rate_in_epsilon_l0": 1.2,
        "attack_success_rate_in_epsilon_l1": 1.5,
        "attack_success_rate_in_epsilon_l2": 0.1,
        "mean_adv_distance_l1": 7.662069936593373,
        "mean_adv_distance_l2": 1.89635325272878,
        "average_sparsity": 0.9999131944444445
    },
    "SLIDE": {
        "mean_runtime_per_image": 8.340884998798371,
        "attack_success_rate": 4.3,
        "attack_success_rate_in_epsilon_l0": 0.0,
        "attack_success_rate_in_epsilon_l1": 4.3,
        "attack_success_rate_in_epsilon_l2": 0.0,
        "mean_adv_distance_l1": 24.999989398690158,
        "mean_adv_distance_l2": 0.6640239759933116,
        "average_sparsity": 0.9899959893114222
    },
    "custom_apgd": {
        "mean_runtime_per_image": 6.539677261829376,
        "attack_success_rate": 17.1,
        "attack_success_rate_in_epsilon_l0": 0.0,
        "attack_success_rate_in_epsilon_l1": 17.1,
        "attack_success_rate_in_epsilon_l2": 0.0,
        "mean_adv_distance_l1": 24.999999397679378,
        "mean_adv_distance_l2": 3.517206583803857,
        "average_sparsity": 0.9994510162434859
    },
    "ead_fb": {
        "mean_runtime_per_image": 21.22133985877037,
        "attack_success_rate": 8.3,
        "attack_success_rate_in_epsilon_l0": 0.0,
        "attack_success_rate_in_epsilon_l1": 8.3,
        "attack_success_rate_in_epsilon_l2": 4.1000000000000005,
        "mean_adv_distance_l1": 12.94222094639238,
        "mean_adv_distance_l2": 0.757755309118923,
        "average_sparsity": 0.9866789383298498
    },
    "ead_fb_L1_rule_higher_beta": {
        "mean_runtime_per_image": 18.8029764316082,
        "attack_success_rate": 17.8,
        "attack_success_rate_in_epsilon_l0": 1.7999999999999998,
        "attack_success_rate_in_epsilon_l1": 17.8,
        "attack_success_rate_in_epsilon_l2": 1.0,
        "mean_adv_distance_l1": 11.89647493770953,
        "mean_adv_distance_l2": 1.8545779393295223,
        "average_sparsity": 0.9991317080729768
    }
}