{
    "pgd": {
        "mean_runtime_per_image": 0.593284247636795,
        "attack_success_rate": 39.4,
        "attack_success_rate_in_epsilon_l0": 7.3999999999999995,
        "attack_success_rate_in_epsilon_l1": 39.4,
        "attack_success_rate_in_epsilon_l2": 37.6,
        "mean_adv_distance_l1": 1.7942307608079184,
        "mean_adv_distance_l2": 0.389743486031663,
        "average_sparsity": 0.9847096089784264
    },
    "SLIDE": {
        "mean_runtime_per_image": 0.6452115268707276,
        "attack_success_rate": 69.5,
        "attack_success_rate_in_epsilon_l0": 0.0,
        "attack_success_rate_in_epsilon_l1": 69.5,
        "attack_success_rate_in_epsilon_l2": 65.2,
        "mean_adv_distance_l1": 1.999093096376323,
        "mean_adv_distance_l2": 0.41243924599328485,
        "average_sparsity": 0.9774126011690657
    },
    "ead_fb": {
        "mean_runtime_per_image": 0.8894262781143188,
        "attack_success_rate": 46.7,
        "attack_success_rate_in_epsilon_l0": 1.0999999999999999,
        "attack_success_rate_in_epsilon_l1": 46.7,
        "attack_success_rate_in_epsilon_l2": 46.7,
        "mean_adv_distance_l1": 1.0617090078106657,
        "mean_adv_distance_l2": 0.09611512561218027,
        "average_sparsity": 0.8772591285242685
    },
    "ead_fb_L1_rule_higher_beta": {
        "mean_runtime_per_image": 0.8390305197238922,
        "attack_success_rate": 54.900000000000006,
        "attack_success_rate_in_epsilon_l0": 20.9,
        "attack_success_rate_in_epsilon_l1": 54.900000000000006,
        "attack_success_rate_in_epsilon_l2": 54.400000000000006,
        "mean_adv_distance_l1": 0.8555713947285611,
        "mean_adv_distance_l2": 0.22606614037656067,
        "average_sparsity": 0.9859842232088654
    },
    "apgd_art": {
        "mean_runtime_per_image": 0.33261461853981017,
        "attack_success_rate": 24.8,
        "attack_success_rate_in_epsilon_l0": 0.0,
        "attack_success_rate_in_epsilon_l1": 24.8,
        "attack_success_rate_in_epsilon_l2": 24.8,
        "mean_adv_distance_l1": 2.000001430030792,
        "mean_adv_distance_l2": 0.05895596682544677,
        "average_sparsity": 0.004202893985215053
    },
    "custom_apgd": {
        "mean_runtime_per_image": 0.1718675,
        "attack_success_rate": 73.1,
        "attack_success_rate_in_epsilon_l0": 0.6,
        "attack_success_rate_in_epsilon_l1": 73.1,
        "attack_success_rate_in_epsilon_l2": 61.0,
        "mean_adv_distance_l1": 2.0,
        "mean_adv_distance_l2": 0.42371,
        "average_sparsity": 0.97307
    },
    "AutoAttack": {
        "mean_runtime_per_image": 1.1858142,
        "attack_success_rate": 79.4,
        "attack_success_rate_in_epsilon_l0": 0.9,
        "attack_success_rate_in_epsilon_l1": 79.4,
        "attack_success_rate_in_epsilon_l2": 66.5,
        "mean_adv_distance_l1": 1.99888,
        "mean_adv_distance_l2": 0.42149,
        "average_sparsity": 0.96796
    },
    "brendel_bethge": {
        "mean_runtime_per_image": 1.2129875814914703,
        "attack_success_rate": 57.599999999999994,
        "attack_success_rate_in_epsilon_l0": 45.4,
        "attack_success_rate_in_epsilon_l1": 57.6,
        "attack_success_rate_in_epsilon_l2": 47.3,
        "mean_adv_distance_l1": 0.8971182325492717,
        "mean_adv_distance_l2": 0.34281021045818405,
        "average_sparsity": 0.9944599292896421
    },
    "exp_attack_l1": {
        "mean_runtime_per_image": 8.283590374469757,
        "attack_success_rate": 71.39999999999999,
        "attack_success_rate_in_epsilon_l0": 18.2,
        "attack_success_rate_in_epsilon_l1": 71.4,
        "attack_success_rate_in_epsilon_l2": 64.0,
        "mean_adv_distance_l1": 1.6907245161987485,
        "mean_adv_distance_l2": 0.4126312025413126,
        "average_sparsity": 0.9478651486636324
    }
}