{
    "projected_gradient_descent": {
        "mean_runtime_per_image": 4.965534069061279,
        "attack_success_rate": 6.0,
        "attack_success_rate_in_epsilon_l0": 4.3999999999999995,
        "attack_success_rate_in_epsilon_l1": 6.0,
        "attack_success_rate_in_epsilon_l2": 4.1000000000000005,
        "mean_adv_distance_l1": 2.179038516928752,
        "mean_adv_distance_l2": 0.5062117437521617,
        "average_sparsity": 0.9998767671130954
    },
    "custom_apgd": {
        "mean_runtime_per_image": 3.118915766239166,
        "attack_success_rate": 96.0,
        "attack_success_rate_in_epsilon_l0": 0.0,
        "attack_success_rate_in_epsilon_l1": 96.0,
        "attack_success_rate_in_epsilon_l2": 0.0,
        "mean_adv_distance_l1": 74.99988653659821,
        "mean_adv_distance_l2": 2.291968949014942,
        "average_sparsity": 0.8739113459511412
    },
    "ead_fb": {
        "mean_runtime_per_image": 8.298400733232498,
        "attack_success_rate": 94.1,
        "attack_success_rate_in_epsilon_l0": 0.1,
        "attack_success_rate_in_epsilon_l1": 94.1,
        "attack_success_rate_in_epsilon_l2": 68.7,
        "mean_adv_distance_l1": 18.40894262259084,
        "mean_adv_distance_l2": 0.4001220800131005,
        "average_sparsity": 0.948973139169324
    },
    "ead_fb_L1_rule_higher_beta": {
        "mean_runtime_per_image": 7.220634771108627,
        "attack_success_rate": 93.89999999999999,
        "attack_success_rate_in_epsilon_l0": 4.8,
        "attack_success_rate_in_epsilon_l1": 93.89999999999999,
        "attack_success_rate_in_epsilon_l2": 26.5,
        "mean_adv_distance_l1": 13.456157483795263,
        "mean_adv_distance_l2": 0.9109450526281604,
        "average_sparsity": 0.9946334730644127
    }
}