{
    "projected_gradient_descent": {
        "mean_runtime_per_image": 4.1976475071907045,
        "attack_success_rate": 5.7,
        "attack_success_rate_in_epsilon_l0": 3.8,
        "attack_success_rate_in_epsilon_l1": 5.7,
        "attack_success_rate_in_epsilon_l2": 2.8000000000000003,
        "mean_adv_distance_l1": 2.50101625108928,
        "mean_adv_distance_l2": 0.5764067855320478,
        "average_sparsity": 0.9998635213405537
    },
    "custom_apgd": {
        "mean_runtime_per_image": 1.6975411205291748,
        "attack_success_rate": 73.0,
        "attack_success_rate_in_epsilon_l0": 0.0,
        "attack_success_rate_in_epsilon_l1": 73.0,
        "attack_success_rate_in_epsilon_l2": 0.0,
        "mean_adv_distance_l1": 24.999983784923813,
        "mean_adv_distance_l2": 1.3696975166666998,
        "average_sparsity": 0.96861190163137
    },
    "ead_fb": {
        "mean_runtime_per_image": 4.537001918315887,
        "attack_success_rate": 74.6,
        "attack_success_rate_in_epsilon_l0": 0.0,
        "attack_success_rate_in_epsilon_l1": 74.6,
        "attack_success_rate_in_epsilon_l2": 63.800000000000004,
        "mean_adv_distance_l1": 11.086653798758665,
        "mean_adv_distance_l2": 0.30685872791070323,
        "average_sparsity": 0.9643412560441401
    },
    "ead_fb_L1_rule_higher_beta": {
        "mean_runtime_per_image": 4.048697507858276,
        "attack_success_rate": 79.7,
        "attack_success_rate_in_epsilon_l0": 5.4,
        "attack_success_rate_in_epsilon_l1": 79.7,
        "attack_success_rate_in_epsilon_l2": 26.700000000000003,
        "mean_adv_distance_l1": 8.126765589156145,
        "mean_adv_distance_l2": 0.7396375826949083,
        "average_sparsity": 0.9966265962548755
    }
}