{
    "projected_gradient_descent": {
        "mean_runtime_per_image": 4.534673239946366,
        "attack_success_rate": 5.800000000000001,
        "attack_success_rate_in_epsilon_l0": 3.9,
        "attack_success_rate_in_epsilon_l1": 5.800000000000001,
        "attack_success_rate_in_epsilon_l2": 2.9000000000000004,
        "mean_adv_distance_l1": 2.440155837299495,
        "mean_adv_distance_l2": 0.56429684753048,
        "average_sparsity": 0.9998648435667369
    },
    "custom_apgd": {
        "mean_runtime_per_image": 1.6639761300086975,
        "attack_success_rate": 89.5,
        "attack_success_rate_in_epsilon_l0": 0.0,
        "attack_success_rate_in_epsilon_l1": 89.5,
        "attack_success_rate_in_epsilon_l2": 0.0,
        "mean_adv_distance_l1": 49.99988924591235,
        "mean_adv_distance_l2": 1.8928171279710098,
        "average_sparsity": 0.9212261405959035
    },
    "ead_fb": {
        "mean_runtime_per_image": 4.521332520484925,
        "attack_success_rate": 87.1,
        "attack_success_rate_in_epsilon_l0": 0.0,
        "attack_success_rate_in_epsilon_l1": 87.1,
        "attack_success_rate_in_epsilon_l2": 68.7,
        "mean_adv_distance_l1": 14.975688620905652,
        "mean_adv_distance_l2": 0.3609811747574967,
        "average_sparsity": 0.9554657006495193
    },
    "ead_fb_L1_rule_higher_beta": {
        "mean_runtime_per_image": 3.898370203256607,
        "attack_success_rate": 90.8,
        "attack_success_rate_in_epsilon_l0": 4.3,
        "attack_success_rate_in_epsilon_l1": 90.8,
        "attack_success_rate_in_epsilon_l2": 27.400000000000002,
        "mean_adv_distance_l1": 11.527947055298982,
        "mean_adv_distance_l2": 0.8592900368138853,
        "average_sparsity": 0.9952524529222487
    }
}