{
    "pgd": {
        "mean_runtime_per_image": 0.5944469013214111,
        "attack_success_rate": 52.800000000000004,
        "attack_success_rate_in_epsilon_l0": 8.3,
        "attack_success_rate_in_epsilon_l1": 52.800000000000004,
        "attack_success_rate_in_epsilon_l2": 0.1,
        "mean_adv_distance_l1": 19.499398389661852,
        "mean_adv_distance_l2": 2.826080605500575,
        "average_sparsity": 0.9771444917929296
    },
    "SLIDE": {
        "mean_runtime_per_image": 0.6483707473278045,
        "attack_success_rate": 100.0,
        "attack_success_rate_in_epsilon_l0": 0.0,
        "attack_success_rate_in_epsilon_l1": 100.0,
        "attack_success_rate_in_epsilon_l2": 0.0,
        "mean_adv_distance_l1": 24.808393175125122,
        "mean_adv_distance_l2": 1.9127187873125076,
        "average_sparsity": 0.9153912760416671
    },
    "custom_apgd": {
        "mean_runtime_per_image": 0.8549851477146149,
        "attack_success_rate": 100.0,
        "attack_success_rate_in_epsilon_l0": 0.0,
        "attack_success_rate_in_epsilon_l1": 100.0,
        "attack_success_rate_in_epsilon_l2": 0.0,
        "mean_adv_distance_l1": 25.00000082397461,
        "mean_adv_distance_l2": 1.5465221613645554,
        "average_sparsity": 0.5378710937499999
    },
    "ead_fb": {
        "mean_runtime_per_image": 2.1912554070949555,
        "attack_success_rate": 100.0,
        "attack_success_rate_in_epsilon_l0": 0.8999999999999999,
        "attack_success_rate_in_epsilon_l1": 100.0,
        "attack_success_rate_in_epsilon_l2": 97.3,
        "mean_adv_distance_l1": 3.050993017850444,
        "mean_adv_distance_l2": 0.2092319164701039,
        "average_sparsity": 0.7984843750000002
    },
    "ead_fb_L1_rule_higher_beta": {
        "mean_runtime_per_image": 1.7572711679935455,
        "attack_success_rate": 99.8,
        "attack_success_rate_in_epsilon_l0": 19.3,
        "attack_success_rate_in_epsilon_l1": 99.8,
        "attack_success_rate_in_epsilon_l2": 70.6,
        "mean_adv_distance_l1": 3.9046254262313216,
        "mean_adv_distance_l2": 0.44489007447575607,
        "average_sparsity": 0.9479835321685036
    }
}