{
    "pgd": {
        "mean_runtime_per_image": 1.2134785532951355,
        "attack_success_rate": 0.6,
        "attack_success_rate_in_epsilon_l0": 0.5,
        "attack_success_rate_in_epsilon_l1": 0.6,
        "attack_success_rate_in_epsilon_l2": 0.1,
        "mean_adv_distance_l1": 7.319791873296102,
        "mean_adv_distance_l2": 1.5306368172168732,
        "average_sparsity": 0.9998815281320862
    },
    "SLIDE": {
        "mean_runtime_per_image": 0.7281262757778167,
        "attack_success_rate": 4.2,
        "attack_success_rate_in_epsilon_l0": 0.0,
        "attack_success_rate_in_epsilon_l1": 4.2,
        "attack_success_rate_in_epsilon_l2": 0.0,
        "mean_adv_distance_l1": 24.999985513233003,
        "mean_adv_distance_l2": 0.6662853558858236,
        "average_sparsity": 0.9899990129980564
    },
    "custom_apgd": {
        "mean_runtime_per_image": 0.5281677019596099,
        "attack_success_rate": 19.5,
        "attack_success_rate_in_epsilon_l0": 0.0,
        "attack_success_rate_in_epsilon_l1": 19.5,
        "attack_success_rate_in_epsilon_l2": 0.0,
        "mean_adv_distance_l1": 24.999999755468124,
        "mean_adv_distance_l2": 3.5041020552317304,
        "average_sparsity": 0.9994406356292512
    },
    "ead_fb": {
        "mean_runtime_per_image": 2.7235263304710386,
        "attack_success_rate": 7.3999999999999995,
        "attack_success_rate_in_epsilon_l0": 0.0,
        "attack_success_rate_in_epsilon_l1": 7.3999999999999995,
        "attack_success_rate_in_epsilon_l2": 3.5999999999999996,
        "mean_adv_distance_l1": 13.178430222176218,
        "mean_adv_distance_l2": 0.660081795492285,
        "average_sparsity": 0.9880982904141385
    },
    "ead_fb_L1_rule_higher_beta": {
        "mean_runtime_per_image": 1.968483088493347,
        "attack_success_rate": 18.3,
        "attack_success_rate_in_epsilon_l0": 1.9,
        "attack_success_rate_in_epsilon_l1": 18.3,
        "attack_success_rate_in_epsilon_l2": 1.0,
        "mean_adv_distance_l1": 11.677669497624121,
        "mean_adv_distance_l2": 1.8106117782697,
        "average_sparsity": 0.9990504099522327
    }
}