{
    "projected_gradient_descent": {
        "mean_runtime_per_image": 5.960622278928756,
        "attack_success_rate": 2.4,
        "attack_success_rate_in_epsilon_l0": 0.5,
        "attack_success_rate_in_epsilon_l1": 2.4,
        "attack_success_rate_in_epsilon_l2": 0.2,
        "mean_adv_distance_l1": 22.281203014155228,
        "mean_adv_distance_l2": 2.0404501433173814,
        "average_sparsity": 0.999082673433957
    },
    "custom_apgd": {
        "mean_runtime_per_image": 2.5156520974636076,
        "attack_success_rate": 52.300000000000004,
        "attack_success_rate_in_epsilon_l0": 0.0,
        "attack_success_rate_in_epsilon_l1": 52.300000000000004,
        "attack_success_rate_in_epsilon_l2": 0.0,
        "mean_adv_distance_l1": 74.99717691979491,
        "mean_adv_distance_l2": 6.195419969795767,
        "average_sparsity": 0.9983523897728301
    },
    "ead_fb": {
        "mean_runtime_per_image": 8.864610464572907,
        "attack_success_rate": 27.3,
        "attack_success_rate_in_epsilon_l0": 0.1,
        "attack_success_rate_in_epsilon_l1": 27.3,
        "attack_success_rate_in_epsilon_l2": 4.1000000000000005,
        "mean_adv_distance_l1": 36.909629404108166,
        "mean_adv_distance_l2": 1.6414844112627671,
        "average_sparsity": 0.9782160689367322
    },
    "ead_fb_L1_rule_higher_beta": {
        "mean_runtime_per_image": 7.491569456338882,
        "attack_success_rate": 47.8,
        "attack_success_rate_in_epsilon_l0": 2.5,
        "attack_success_rate_in_epsilon_l1": 47.8,
        "attack_success_rate_in_epsilon_l2": 0.8999999999999999,
        "mean_adv_distance_l1": 31.558073560126655,
        "mean_adv_distance_l2": 3.1863019896289293,
        "average_sparsity": 0.9979874329111876
    }
}