{
    "projected_gradient_descent": {
        "mean_runtime_per_image": 0.468148313999176,
        "attack_success_rate": 5.5,
        "attack_success_rate_in_epsilon_l0": 1.7999999999999998,
        "attack_success_rate_in_epsilon_l1": 5.5,
        "attack_success_rate_in_epsilon_l2": 4.0,
        "mean_adv_distance_l1": 2.000000075860457,
        "mean_adv_distance_l2": 0.5265585238283331,
        "average_sparsity": 0.9906368371212122
    },
    "custom_apgd": {
        "mean_runtime_per_image": 0.69084876537323,
        "attack_success_rate": 6.7,
        "attack_success_rate_in_epsilon_l0": 2.1,
        "attack_success_rate_in_epsilon_l1": 6.7,
        "attack_success_rate_in_epsilon_l2": 5.8999999999999995,
        "mean_adv_distance_l1": 1.9999999626358944,
        "mean_adv_distance_l2": 0.4746330215859769,
        "average_sparsity": 0.9900254586442785
    },
    "ead_fb": {
        "mean_runtime_per_image": 1.2627445020675658,
        "attack_success_rate": 3.8,
        "attack_success_rate_in_epsilon_l0": 0.1,
        "attack_success_rate_in_epsilon_l1": 3.8,
        "attack_success_rate_in_epsilon_l2": 3.8,
        "mean_adv_distance_l1": 1.1249918851413225,
        "mean_adv_distance_l2": 0.10698828517802451,
        "average_sparsity": 0.8842002467105265
    },
    "ead_fb_L1_rule_higher_beta": {
        "mean_runtime_per_image": 0.9949214758872986,
        "attack_success_rate": 7.1,
        "attack_success_rate_in_epsilon_l0": 2.5,
        "attack_success_rate_in_epsilon_l1": 7.1,
        "attack_success_rate_in_epsilon_l2": 7.1,
        "mean_adv_distance_l1": 1.0915098568083534,
        "mean_adv_distance_l2": 0.27516315195342184,
        "average_sparsity": 0.9874330619131453
    }
}