{
    "projected_gradient_descent": {
        "mean_runtime_per_image": 0.7267691161632538,
        "attack_success_rate": 44.3,
        "attack_success_rate_in_epsilon_l0": 11.3,
        "attack_success_rate_in_epsilon_l1": 44.3,
        "attack_success_rate_in_epsilon_l2": 11.3,
        "mean_adv_distance_l1": 3.304589943947695,
        "mean_adv_distance_l2": 0.5909738473880103,
        "average_sparsity": 0.984319889249436
    },
    "custom_apgd": {
        "mean_runtime_per_image": 0.8526076819896699,
        "attack_success_rate": 95.19999999999999,
        "attack_success_rate_in_epsilon_l0": 0.0,
        "attack_success_rate_in_epsilon_l1": 95.19999999999999,
        "attack_success_rate_in_epsilon_l2": 31.900000000000002,
        "mean_adv_distance_l1": 3.999999951915581,
        "mean_adv_distance_l2": 0.6037398372002009,
        "average_sparsity": 0.9342540238751754
    },
    "ead_fb": {
        "mean_runtime_per_image": 2.066826780319214,
        "attack_success_rate": 77.10000000000001,
        "attack_success_rate_in_epsilon_l0": 1.0999999999999999,
        "attack_success_rate_in_epsilon_l1": 77.10000000000001,
        "attack_success_rate_in_epsilon_l2": 77.10000000000001,
        "mean_adv_distance_l1": 1.828646287370362,
        "mean_adv_distance_l2": 0.15063315692575752,
        "average_sparsity": 0.8448460468006915
    },
    "ead_fb_L1_rule_higher_beta": {
        "mean_runtime_per_image": 1.787125771522522,
        "attack_success_rate": 71.1,
        "attack_success_rate_in_epsilon_l0": 18.8,
        "attack_success_rate_in_epsilon_l1": 71.1,
        "attack_success_rate_in_epsilon_l2": 67.30000000000001,
        "mean_adv_distance_l1": 1.4810101957533262,
        "mean_adv_distance_l2": 0.28066659113261244,
        "average_sparsity": 0.9755543468706067
    }
}