{
    "projected_gradient_descent": {
        "mean_runtime_per_image": 0.7116123206615448,
        "attack_success_rate": 21.6,
        "attack_success_rate_in_epsilon_l0": 0.8,
        "attack_success_rate_in_epsilon_l1": 21.6,
        "attack_success_rate_in_epsilon_l2": 20.9,
        "mean_adv_distance_l1": 1.9870651408478066,
        "mean_adv_distance_l2": 0.4445302627152867,
        "average_sparsity": 0.984899450231482
    },
    "custom_apgd": {
        "mean_runtime_per_image": 0.8340178985595703,
        "attack_success_rate": 31.900000000000002,
        "attack_success_rate_in_epsilon_l0": 0.2,
        "attack_success_rate_in_epsilon_l1": 31.900000000000002,
        "attack_success_rate_in_epsilon_l2": 31.8,
        "mean_adv_distance_l1": 2.000000020927023,
        "mean_adv_distance_l2": 0.35630563550795136,
        "average_sparsity": 0.9809401939655179
    },
    "ead_fb": {
        "mean_runtime_per_image": 1.878228729724884,
        "attack_success_rate": 16.5,
        "attack_success_rate_in_epsilon_l0": 0.4,
        "attack_success_rate_in_epsilon_l1": 16.5,
        "attack_success_rate_in_epsilon_l2": 16.5,
        "mean_adv_distance_l1": 1.0677656164223497,
        "mean_adv_distance_l2": 0.11991115648468786,
        "average_sparsity": 0.9044645675505053
    },
    "ead_fb_L1_rule_higher_beta": {
        "mean_runtime_per_image": 1.4828767330646515,
        "attack_success_rate": 22.1,
        "attack_success_rate_in_epsilon_l0": 6.0,
        "attack_success_rate_in_epsilon_l1": 22.1,
        "attack_success_rate_in_epsilon_l2": 22.0,
        "mean_adv_distance_l1": 1.0165518778818765,
        "mean_adv_distance_l2": 0.21483219611327842,
        "average_sparsity": 0.9829388786764711
    }
}