{
    "projected_gradient_descent": {
        "mean_runtime_per_image": 0.7252735090255737,
        "attack_success_rate": 77.4,
        "attack_success_rate_in_epsilon_l0": 0.6,
        "attack_success_rate_in_epsilon_l1": 77.4,
        "attack_success_rate_in_epsilon_l2": 0.7000000000000001,
        "mean_adv_distance_l1": 20.263825800375727,
        "mean_adv_distance_l2": 1.4760485405838766,
        "average_sparsity": 0.9252572203380711
    },
    "custom_apgd": {
        "mean_runtime_per_image": 0.8381889786720276,
        "attack_success_rate": 99.9,
        "attack_success_rate_in_epsilon_l0": 0.0,
        "attack_success_rate_in_epsilon_l1": 99.9,
        "attack_success_rate_in_epsilon_l2": 0.0,
        "mean_adv_distance_l1": 24.9999995284133,
        "mean_adv_distance_l2": 1.3499479385109636,
        "average_sparsity": 0.7176356043543544
    },
    "ead_fb": {
        "mean_runtime_per_image": 1.886486341238022,
        "attack_success_rate": 100.0,
        "attack_success_rate_in_epsilon_l0": 0.4,
        "attack_success_rate_in_epsilon_l1": 100.0,
        "attack_success_rate_in_epsilon_l2": 81.5,
        "mean_adv_distance_l1": 5.792424306713045,
        "mean_adv_distance_l2": 0.3719428154299967,
        "average_sparsity": 0.7521676432291667
    },
    "ead_fb_L1_rule_higher_beta": {
        "mean_runtime_per_image": 1.5144529612064361,
        "attack_success_rate": 97.6,
        "attack_success_rate_in_epsilon_l0": 5.800000000000001,
        "attack_success_rate_in_epsilon_l1": 97.6,
        "attack_success_rate_in_epsilon_l2": 48.6,
        "mean_adv_distance_l1": 6.526298220704508,
        "mean_adv_distance_l2": 0.6020761200066533,
        "average_sparsity": 0.9200012540556702
    }
}