{
    "pgd": {
        "mean_runtime_per_image": 4.110433946609497,
        "attack_success_rate": 0.6,
        "attack_success_rate_in_epsilon_l0": 0.5,
        "attack_success_rate_in_epsilon_l1": 0.6,
        "attack_success_rate_in_epsilon_l2": 0.1,
        "mean_adv_distance_l1": 7.319791873296102,
        "mean_adv_distance_l2": 1.5306368172168732,
        "average_sparsity": 0.9998815281320862
    },
    "SLIDE": {
        "mean_runtime_per_image": 2.250814012289047,
        "attack_success_rate": 4.2,
        "attack_success_rate_in_epsilon_l0": 0.0,
        "attack_success_rate_in_epsilon_l1": 4.2,
        "attack_success_rate_in_epsilon_l2": 0.0,
        "mean_adv_distance_l1": 24.999995821998233,
        "mean_adv_distance_l2": 0.6662870546181997,
        "average_sparsity": 0.9899991711714448
    },
    "custom_apgd": {
        "mean_runtime_per_image": 1.5633845720291137,
        "attack_success_rate": 19.900000000000002,
        "attack_success_rate_in_epsilon_l0": 0.0,
        "attack_success_rate_in_epsilon_l1": 19.900000000000002,
        "attack_success_rate_in_epsilon_l2": 0.0,
        "mean_adv_distance_l1": 24.993450097702258,
        "mean_adv_distance_l2": 3.537504966534562,
        "average_sparsity": 0.9994538487505543
    },
    "ead_fb": {
        "mean_runtime_per_image": 6.154144439935684,
        "attack_success_rate": 9.0,
        "attack_success_rate_in_epsilon_l0": 0.0,
        "attack_success_rate_in_epsilon_l1": 9.0,
        "attack_success_rate_in_epsilon_l2": 3.6999999999999997,
        "mean_adv_distance_l1": 13.737059020996094,
        "mean_adv_distance_l2": 0.8301736115167538,
        "average_sparsity": 0.9891064932917609
    },
    "ead_fb_L1_rule_higher_beta": {
        "mean_runtime_per_image": 4.593007360935212,
        "attack_success_rate": 20.0,
        "attack_success_rate_in_epsilon_l0": 2.4,
        "attack_success_rate_in_epsilon_l1": 20.0,
        "attack_success_rate_in_epsilon_l2": 0.8999999999999999,
        "mean_adv_distance_l1": 11.799554625451565,
        "mean_adv_distance_l2": 1.8999839685857296,
        "average_sparsity": 0.9990609720450678
    }
}