{
    "pgd": {
        "mean_runtime_per_image": 5.543283020496369,
        "attack_success_rate": 5.8999999999999995,
        "attack_success_rate_in_epsilon_l0": 2.9000000000000004,
        "attack_success_rate_in_epsilon_l1": 5.8999999999999995,
        "attack_success_rate_in_epsilon_l2": 0.0,
        "mean_adv_distance_l1": 13.529904679726746,
        "mean_adv_distance_l2": 2.344802617016485,
        "average_sparsity": 0.999684275193128
    },
    "SLIDE": {
        "mean_runtime_per_image": 2.950003469467163,
        "attack_success_rate": 68.7,
        "attack_success_rate_in_epsilon_l0": 0.0,
        "attack_success_rate_in_epsilon_l1": 68.7,
        "attack_success_rate_in_epsilon_l2": 0.0,
        "mean_adv_distance_l1": 24.984950805508586,
        "mean_adv_distance_l2": 1.210758016966663,
        "average_sparsity": 0.9789659176989572
    },
    "custom_apgd": {
        "mean_runtime_per_image": 1.6975411205291748,
        "attack_success_rate": 73.0,
        "attack_success_rate_in_epsilon_l0": 0.0,
        "attack_success_rate_in_epsilon_l1": 73.0,
        "attack_success_rate_in_epsilon_l2": 0.0,
        "mean_adv_distance_l1": 24.999983784923813,
        "mean_adv_distance_l2": 1.3696975166666998,
        "average_sparsity": 0.96861190163137
    },
    "exp_attack_l1": {
        "mean_runtime_per_image": 14.679956370830537,
        "attack_success_rate": 68.8,
        "attack_success_rate_in_epsilon_l0": 0.0,
        "attack_success_rate_in_epsilon_l1": 68.8,
        "attack_success_rate_in_epsilon_l1_linf": 68.8,
        "attack_success_rate_in_epsilon_l2": 0.0,
        "mean_adv_distance_l1": 24.99999976989835,
        "mean_adv_distance_l2": 1.7203547315195549,
        "average_sparsity": 0.9886227031237639,
        "average_sparsity_l1_linf": 1221.6482558139535
    },
    "exp_attack_l1_linf": {
        "mean_runtime_per_image": 10.429580066680908,
        "attack_success_rate": 84.8,
        "attack_success_rate_in_epsilon_l0": 0.0,
        "attack_success_rate_in_epsilon_l1": 0.0,
        "attack_success_rate_in_epsilon_l1_linf": 84.8,
        "attack_success_rate_in_epsilon_l2": 0.0,
        "mean_adv_distance_l1": 68.34495341552878,
        "mean_adv_distance_l2": 2.338727148074024,
        "average_sparsity": 0.9620963767287568,
        "average_sparsity_l1_linf": 1903.1650943396226
    }
}