{
    "pgd": {
        "mean_runtime_per_image": 4.110433946609497,
        "attack_success_rate": 0.6,
        "attack_success_rate_in_epsilon_l0": 0.5,
        "attack_success_rate_in_epsilon_l1": 0.6,
        "attack_success_rate_in_epsilon_l2": 0.1,
        "mean_adv_distance_l1": 7.319791873296102,
        "mean_adv_distance_l2": 1.5306368172168732,
        "average_sparsity": 0.9998815281320862
    },
    "SLIDE": {
        "mean_runtime_per_image": 2.250814012289047,
        "attack_success_rate": 4.2,
        "attack_success_rate_in_epsilon_l0": 0.0,
        "attack_success_rate_in_epsilon_l1": 4.2,
        "attack_success_rate_in_epsilon_l2": 0.0,
        "mean_adv_distance_l1": 24.999995821998233,
        "mean_adv_distance_l2": 0.6662870546181997,
        "average_sparsity": 0.9899991711714448
    },
    "custom_apgd": {
        "mean_runtime_per_image": 1.5633845720291137,
        "attack_success_rate": 19.900000000000002,
        "attack_success_rate_in_epsilon_l0": 0.0,
        "attack_success_rate_in_epsilon_l1": 19.900000000000002,
        "attack_success_rate_in_epsilon_l2": 0.0,
        "mean_adv_distance_l1": 24.993450097702258,
        "mean_adv_distance_l2": 3.537504966534562,
        "average_sparsity": 0.9994538487505543
    },
    "exp_attack_l1": {
        "mean_runtime_per_image": 9.110865673065186,
        "attack_success_rate": 17.9,
        "attack_success_rate_in_epsilon_l0": 0.0,
        "attack_success_rate_in_epsilon_l1": 17.9,
        "attack_success_rate_in_epsilon_l1_linf": 17.9,
        "attack_success_rate_in_epsilon_l2": 0.0,
        "mean_adv_distance_l1": 25.000000447534315,
        "mean_adv_distance_l2": 3.4098711493294998,
        "average_sparsity": 0.9993525954376162,
        "average_sparsity_l1_linf": 76.28491620111731
    },
    "exp_attack_l1_linf": {
        "mean_runtime_per_image": 6.60269424700737,
        "attack_success_rate": 30.8,
        "attack_success_rate_in_epsilon_l0": 0.0,
        "attack_success_rate_in_epsilon_l1": 0.0,
        "attack_success_rate_in_epsilon_l1_linf": 30.8,
        "attack_success_rate_in_epsilon_l2": 0.0,
        "mean_adv_distance_l1": 67.09464123961213,
        "mean_adv_distance_l2": 5.14889026384849,
        "average_sparsity": 0.9977982695716269,
        "average_sparsity_l1_linf": 110.47402597402598
    }
}