{
    "pgd": {
        "mean_runtime_per_image": 0.07702804040908813,
        "attack_success_rate": 5.7,
        "attack_success_rate_in_epsilon_l0": 2.4,
        "attack_success_rate_in_epsilon_l1": 5.7,
        "attack_success_rate_in_epsilon_l2": 4.8,
        "mean_adv_distance_l1": 2.000000054376167,
        "mean_adv_distance_l2": 0.484589006294284,
        "average_sparsity": 0.9910681652046787
    },
    "SLIDE": {
        "mean_runtime_per_image": 0.08351106786727905,
        "attack_success_rate": 6.4,
        "attack_success_rate_in_epsilon_l0": 0.0,
        "attack_success_rate_in_epsilon_l1": 6.4,
        "attack_success_rate_in_epsilon_l2": 6.4,
        "mean_adv_distance_l1": 2.000000026077032,
        "mean_adv_distance_l2": 0.4150628112256527,
        "average_sparsity": 0.9878997802734372
    },
    "custom_apgd": {
        "mean_runtime_per_image": 0.09211586904525756,
        "attack_success_rate": 6.800000000000001,
        "attack_success_rate_in_epsilon_l0": 2.5,
        "attack_success_rate_in_epsilon_l1": 6.800000000000001,
        "attack_success_rate_in_epsilon_l2": 5.8999999999999995,
        "mean_adv_distance_l1": 1.9999999368891996,
        "mean_adv_distance_l2": 0.46722424205611734,
        "average_sparsity": 0.9898897058823531
    },
    "ead_fb": {
        "mean_runtime_per_image": 0.385882750749588,
        "attack_success_rate": 3.8,
        "attack_success_rate_in_epsilon_l0": 0.0,
        "attack_success_rate_in_epsilon_l1": 3.8,
        "attack_success_rate_in_epsilon_l2": 3.8,
        "mean_adv_distance_l1": 1.1518912742796696,
        "mean_adv_distance_l2": 0.1037904966720625,
        "average_sparsity": 0.8779296875000003
    },
    "ead_fb_L1_rule_higher_beta": {
        "mean_runtime_per_image": 0.2293053779602051,
        "attack_success_rate": 7.199999999999999,
        "attack_success_rate_in_epsilon_l0": 2.0,
        "attack_success_rate_in_epsilon_l1": 7.199999999999999,
        "attack_success_rate_in_epsilon_l2": 7.199999999999999,
        "mean_adv_distance_l1": 1.1491334239641826,
        "mean_adv_distance_l2": 0.27340835651072365,
        "average_sparsity": 0.9856770833333335
    }
}