{
    "pgd": {
        "mean_runtime_per_image": 3.111760199546814,
        "attack_success_rate": 0.8,
        "attack_success_rate_in_epsilon_l0": 0.8,
        "attack_success_rate_in_epsilon_l1": 0.8,
        "attack_success_rate_in_epsilon_l2": 0.0,
        "mean_adv_distance_l1": 8.51139572262764,
        "mean_adv_distance_l2": 2.029299259185791,
        "average_sparsity": 14.875
    },
    "SLIDE": {
        "mean_runtime_per_image": 1.7184155838489532,
        "attack_success_rate": 9.8,
        "attack_success_rate_in_epsilon_l0": 0.0,
        "attack_success_rate_in_epsilon_l1": 9.8,
        "attack_success_rate_in_epsilon_l2": 0.0,
        "mean_adv_distance_l1": 74.99995001968072,
        "mean_adv_distance_l2": 2.5501649501372357,
        "average_sparsity": 1022.4795918367347
    },
    "custom_apgd": {
        "mean_runtime_per_image": 1.2657264659404754,
        "attack_success_rate": 14.000000000000002,
        "attack_success_rate_in_epsilon_l0": 0.0,
        "attack_success_rate_in_epsilon_l1": 14.000000000000002,
        "attack_success_rate_in_epsilon_l2": 0.0,
        "mean_adv_distance_l1": 75.00000163487026,
        "mean_adv_distance_l2": 5.5763819149562295,
        "average_sparsity": 270.07142857142856
    },
    "ead_fb": {
        "mean_runtime_per_image": 3.8699409713745117,
        "attack_success_rate": 7.3,
        "attack_success_rate_in_epsilon_l0": 3.9,
        "attack_success_rate_in_epsilon_l1": 7.3,
        "attack_success_rate_in_epsilon_l2": 4.8,
        "mean_adv_distance_l1": 38.48202533550458,
        "mean_adv_distance_l2": 0.5086745808079635,
        "average_sparsity": 10842.890410958904
    },
    "ead_fb_L1_rule_higher_beta": {
        "mean_runtime_per_image": 3.224406748533249,
        "attack_success_rate": 15.1,
        "attack_success_rate_in_epsilon_l0": 7.6,
        "attack_success_rate_in_epsilon_l1": 15.1,
        "attack_success_rate_in_epsilon_l2": 1.2,
        "mean_adv_distance_l1": 35.662874318708646,
        "mean_adv_distance_l2": 2.216406724261527,
        "average_sparsity": 594.0198675496689
    }
}