{
    "pgd": {
        "mean_runtime_per_image": 4.103423879861832,
        "attack_success_rate": 0.7000000000000001,
        "attack_success_rate_in_epsilon_l0": 0.5,
        "attack_success_rate_in_epsilon_l1": 0.7000000000000001,
        "attack_success_rate_in_epsilon_l2": 0.1,
        "mean_adv_distance_l1": 11.899340425218854,
        "mean_adv_distance_l2": 2.0339269042015076,
        "average_sparsity": 0.9998358160228378
    },
    "SLIDE": {
        "mean_runtime_per_image": 2.242000598669052,
        "attack_success_rate": 16.8,
        "attack_success_rate_in_epsilon_l0": 0.0,
        "attack_success_rate_in_epsilon_l1": 16.8,
        "attack_success_rate_in_epsilon_l2": 0.0,
        "mean_adv_distance_l1": 75.00000890096028,
        "mean_adv_distance_l2": 2.602986298856281,
        "average_sparsity": 0.9899986571079331
    },
    "custom_apgd": {
        "mean_runtime_per_image": 1.554533365726471,
        "attack_success_rate": 51.9,
        "attack_success_rate_in_epsilon_l0": 0.0,
        "attack_success_rate_in_epsilon_l1": 51.9,
        "attack_success_rate_in_epsilon_l2": 0.0,
        "mean_adv_distance_l1": 74.99812453606225,
        "mean_adv_distance_l2": 6.168290806184155,
        "average_sparsity": 0.9983327153416763
    },
    "exp_attack_l1": {
        "mean_runtime_per_image": 8.511671588659286,
        "attack_success_rate": 48.6,
        "attack_success_rate_in_epsilon_l0": 0.0,
        "attack_success_rate_in_epsilon_l1": 48.6,
        "attack_success_rate_in_epsilon_l1_linf": 48.6,
        "attack_success_rate_in_epsilon_l2": 0.0,
        "mean_adv_distance_l1": 74.99999949765304,
        "mean_adv_distance_l2": 5.974635334171876,
        "average_sparsity": 0.9981457997615204,
        "average_sparsity_l1_linf": 212.57201646090536
    },
    "exp_attack_l1_linf": {
        "mean_runtime_per_image": 6.738901575565338,
        "attack_success_rate": 67.4,
        "attack_success_rate_in_epsilon_l0": 0.0,
        "attack_success_rate_in_epsilon_l1": 0.0,
        "attack_success_rate_in_epsilon_l1_linf": 67.4,
        "attack_success_rate_in_epsilon_l2": 0.0,
        "mean_adv_distance_l1": 198.7939868553456,
        "mean_adv_distance_l2": 8.979103105358272,
        "average_sparsity": 0.9938432641927306,
        "average_sparsity_l1_linf": 308.92284866468844
    }
}