{
    "pgd": {
        "mean_runtime_per_image": 8.21410645198822,
        "attack_success_rate": 15.0,
        "attack_success_rate_in_epsilon_l0": 2.7,
        "attack_success_rate_in_epsilon_l1": 15.0,
        "attack_success_rate_in_epsilon_l2": 0.1,
        "mean_adv_distance_l1": 45.10384660681089,
        "mean_adv_distance_l2": 4.448974141677221,
        "average_sparsity": 0.9989931441326537
    },
    "SLIDE": {
        "mean_runtime_per_image": 5.90981760263443,
        "attack_success_rate": 99.4,
        "attack_success_rate_in_epsilon_l0": 0.0,
        "attack_success_rate_in_epsilon_l1": 99.4,
        "attack_success_rate_in_epsilon_l2": 0.0,
        "mean_adv_distance_l1": 74.86212143619775,
        "mean_adv_distance_l2": 1.889418719160245,
        "average_sparsity": 0.9654473129166161
    },
    "custom_apgd": {
        "mean_runtime_per_image": 4.067404594421387,
        "attack_success_rate": 98.7,
        "attack_success_rate_in_epsilon_l0": 0.0,
        "attack_success_rate_in_epsilon_l1": 98.7,
        "attack_success_rate_in_epsilon_l2": 0.0,
        "mean_adv_distance_l1": 74.99990781341522,
        "mean_adv_distance_l2": 1.9534721816564404,
        "average_sparsity": 0.9193618738972283
    },
    "ead_fb": {
        "mean_runtime_per_image": 16.189755787849425,
        "attack_success_rate": 99.7,
        "attack_success_rate_in_epsilon_l0": 0.4,
        "attack_success_rate_in_epsilon_l1": 99.7,
        "attack_success_rate_in_epsilon_l2": 95.3,
        "mean_adv_distance_l1": 11.383885506667578,
        "mean_adv_distance_l2": 0.23633433753879574,
        "average_sparsity": 0.9578090870720154
    },
    "ead_fb_L1_rule_higher_beta": {
        "mean_runtime_per_image": 14.408563691616058,
        "attack_success_rate": 100.0,
        "attack_success_rate_in_epsilon_l0": 5.6000000000000005,
        "attack_success_rate_in_epsilon_l1": 100.0,
        "attack_success_rate_in_epsilon_l2": 60.0,
        "mean_adv_distance_l1": 7.593913938334212,
        "mean_adv_distance_l2": 0.5310037571170251,
        "average_sparsity": 0.9960520169005105
    }
}