{
    "pgd": {
        "mean_runtime_per_image": 1.1391023643016815,
        "attack_success_rate": 5.7,
        "attack_success_rate_in_epsilon_l0": 2.9000000000000004,
        "attack_success_rate_in_epsilon_l1": 5.7,
        "attack_success_rate_in_epsilon_l2": 0.0,
        "mean_adv_distance_l1": 13.13362410089426,
        "mean_adv_distance_l2": 2.3542985194607784,
        "average_sparsity": 0.9997738953037355
    },
    "SLIDE": {
        "mean_runtime_per_image": 0.6077709968090057,
        "attack_success_rate": 62.1,
        "attack_success_rate_in_epsilon_l0": 0.0,
        "attack_success_rate_in_epsilon_l1": 62.1,
        "attack_success_rate_in_epsilon_l2": 0.0,
        "mean_adv_distance_l1": 24.98461599242476,
        "mean_adv_distance_l2": 0.9572285212180465,
        "average_sparsity": 0.9779008165011175
    },
    "custom_apgd": {
        "mean_runtime_per_image": 0.4389589924812317,
        "attack_success_rate": 60.699999999999996,
        "attack_success_rate_in_epsilon_l0": 0.0,
        "attack_success_rate_in_epsilon_l1": 60.699999999999996,
        "attack_success_rate_in_epsilon_l2": 0.0,
        "mean_adv_distance_l1": 25.00002919783113,
        "mean_adv_distance_l2": 1.3926906565072312,
        "average_sparsity": 0.9714899763704901
    },
    "exp_attack_l1": {
        "mean_runtime_per_image": 2.9721687226295472,
        "attack_success_rate": 68.4,
        "attack_success_rate_in_epsilon_l0": 0.0,
        "attack_success_rate_in_epsilon_l1": 68.4,
        "attack_success_rate_in_epsilon_l1_linf": 68.4,
        "attack_success_rate_in_epsilon_l2": 0.0,
        "mean_adv_distance_l1": 24.999998549968875,
        "mean_adv_distance_l2": 1.4857678355006447,
        "average_sparsity": 0.9835883635023824,
        "average_sparsity_l1_linf": 1711.654970760234
    },
    "exp_attack_l1_linf": {
        "mean_runtime_per_image": 1.6292645611763001,
        "attack_success_rate": 88.5,
        "attack_success_rate_in_epsilon_l0": 0.0,
        "attack_success_rate_in_epsilon_l1": 0.0,
        "attack_success_rate_in_epsilon_l1_linf": 88.5,
        "attack_success_rate_in_epsilon_l2": 0.0,
        "mean_adv_distance_l1": 68.90175946769068,
        "mean_adv_distance_l2": 1.71452667874805,
        "average_sparsity": 0.9137089047306779,
        "average_sparsity_l1_linf": 4333.863276836159
    }
}