{
    "pgd": {
        "mean_runtime_per_image": 5.4377679288387295,
        "attack_success_rate": 7.1,
        "attack_success_rate_in_epsilon_l0": 4.9,
        "attack_success_rate_in_epsilon_l1": 7.1,
        "attack_success_rate_in_epsilon_l2": 0.3,
        "mean_adv_distance_l1": 12.417200221142298,
        "mean_adv_distance_l2": 2.227216874209928,
        "average_sparsity": 0.999814362364664
    },
    "SLIDE": {
        "mean_runtime_per_image": 2.830139936208725,
        "attack_success_rate": 39.2,
        "attack_success_rate_in_epsilon_l0": 0.0,
        "attack_success_rate_in_epsilon_l1": 39.2,
        "attack_success_rate_in_epsilon_l2": 0.0,
        "mean_adv_distance_l1": 49.99999828727878,
        "mean_adv_distance_l2": 1.5983270701705192,
        "average_sparsity": 0.9900891548822991
    },
    "custom_apgd": {
        "mean_runtime_per_image": 2.0531333425045015,
        "attack_success_rate": 88.0,
        "attack_success_rate_in_epsilon_l0": 0.0,
        "attack_success_rate_in_epsilon_l1": 88.0,
        "attack_success_rate_in_epsilon_l2": 0.0,
        "mean_adv_distance_l1": 50.00000008669767,
        "mean_adv_distance_l2": 4.540262283791195,
        "average_sparsity": 0.9981310786033178
    },
    "ead_fb": {
        "mean_runtime_per_image": 7.900916447877884,
        "attack_success_rate": 76.5,
        "attack_success_rate_in_epsilon_l0": 1.3,
        "attack_success_rate_in_epsilon_l1": 76.5,
        "attack_success_rate_in_epsilon_l2": 15.2,
        "mean_adv_distance_l1": 17.353700168576896,
        "mean_adv_distance_l2": 1.2211176916439501,
        "average_sparsity": 0.9925295725929261
    },
    "ead_fb_L1_rule_higher_beta": {
        "mean_runtime_per_image": 5.811068934202194,
        "attack_success_rate": 82.39999999999999,
        "attack_success_rate_in_epsilon_l0": 16.0,
        "attack_success_rate_in_epsilon_l1": 82.39999999999999,
        "attack_success_rate_in_epsilon_l2": 9.0,
        "mean_adv_distance_l1": 13.568713231030308,
        "mean_adv_distance_l2": 1.778917761058411,
        "average_sparsity": 0.9989295527639156
    }
}