{
    "pgd": {
        "mean_runtime_per_image": 3.470772776603699,
        "attack_success_rate": 0.7000000000000001,
        "attack_success_rate_in_epsilon_l0": 0.6,
        "attack_success_rate_in_epsilon_l1": 0.7000000000000001,
        "attack_success_rate_in_epsilon_l2": 0.1,
        "mean_adv_distance_l1": 11.899340425218854,
        "mean_adv_distance_l2": 2.0339269042015076,
        "average_sparsity": 20.285714285714285
    },
    "SLIDE": {
        "mean_runtime_per_image": 2.138238778591156,
        "attack_success_rate": 71.7,
        "attack_success_rate_in_epsilon_l0": 0.0,
        "attack_success_rate_in_epsilon_l1": 71.7,
        "attack_success_rate_in_epsilon_l2": 0.0,
        "mean_adv_distance_l1": 254.99019751555417,
        "mean_adv_distance_l2": 8.92727591835139,
        "average_sparsity": 1054.8940027894002
    },
    "custom_apgd": {
        "mean_runtime_per_image": 1.5143477814197541,
        "attack_success_rate": 85.3,
        "attack_success_rate_in_epsilon_l0": 0.0,
        "attack_success_rate_in_epsilon_l1": 85.3,
        "attack_success_rate_in_epsilon_l2": 0.0,
        "mean_adv_distance_l1": 255.00003255685357,
        "mean_adv_distance_l2": 10.951684938365942,
        "average_sparsity": 727.1453692848769
    },
    "ead_fb": {
        "mean_runtime_per_image": 6.197974980592727,
        "attack_success_rate": 67.10000000000001,
        "attack_success_rate_in_epsilon_l0": 12.4,
        "attack_success_rate_in_epsilon_l1": 67.10000000000001,
        "attack_success_rate_in_epsilon_l2": 4.0,
        "mean_adv_distance_l1": 112.05251773707735,
        "mean_adv_distance_l2": 3.0729951143275875,
        "average_sparsity": 4387.581222056632
    },
    "ead_fb_L1_rule_higher_beta": {
        "mean_runtime_per_image": 4.812897260904312,
        "attack_success_rate": 77.5,
        "attack_success_rate_in_epsilon_l0": 25.1,
        "attack_success_rate_in_epsilon_l1": 77.5,
        "attack_success_rate_in_epsilon_l2": 0.8999999999999999,
        "mean_adv_distance_l1": 78.76222626078513,
        "mean_adv_distance_l2": 4.7691307911180685,
        "average_sparsity": 541.6335483870968
    }
}