{
    "pgd": {
        "mean_runtime_per_image": 4.834812957048416,
        "attack_success_rate": 12.9,
        "attack_success_rate_in_epsilon_l0": 3.1,
        "attack_success_rate_in_epsilon_l1": 12.9,
        "attack_success_rate_in_epsilon_l2": 0.2,
        "mean_adv_distance_l1": 9.270057741985765,
        "mean_adv_distance_l2": 1.3348748861819275,
        "average_sparsity": 0.999372287068897
    },
    "SLIDE": {
        "mean_runtime_per_image": 3.490009840250015,
        "attack_success_rate": 89.3,
        "attack_success_rate_in_epsilon_l0": 0.0,
        "attack_success_rate_in_epsilon_l1": 89.3,
        "attack_success_rate_in_epsilon_l2": 51.4,
        "mean_adv_distance_l1": 11.99830639615972,
        "mean_adv_distance_l2": 0.5399226510244415,
        "average_sparsity": 0.9882839207036413
    },
    "custom_apgd": {
        "mean_runtime_per_image": 2.4394995467662812,
        "attack_success_rate": 92.60000000000001,
        "attack_success_rate_in_epsilon_l0": 0.0,
        "attack_success_rate_in_epsilon_l1": 92.60000000000001,
        "attack_success_rate_in_epsilon_l2": 7.1,
        "mean_adv_distance_l1": 12.000000246142724,
        "mean_adv_distance_l2": 0.7365644762763194,
        "average_sparsity": 0.9902260960067061
    },
    "ead_fb": {
        "mean_runtime_per_image": 10.279602909088135,
        "attack_success_rate": 65.5,
        "attack_success_rate_in_epsilon_l0": 0.5,
        "attack_success_rate_in_epsilon_l1": 65.5,
        "attack_success_rate_in_epsilon_l2": 65.5,
        "mean_adv_distance_l1": 5.179565666598901,
        "mean_adv_distance_l2": 0.1570311647838067,
        "average_sparsity": 0.9767855215798146
    },
    "ead_fb_L1_rule_higher_beta": {
        "mean_runtime_per_image": 8.419090197324753,
        "attack_success_rate": 80.4,
        "attack_success_rate_in_epsilon_l0": 5.1,
        "attack_success_rate_in_epsilon_l1": 80.4,
        "attack_success_rate_in_epsilon_l2": 60.0,
        "mean_adv_distance_l1": 4.398502673108168,
        "mean_adv_distance_l2": 0.39785259150526664,
        "average_sparsity": 0.9973600967711407
    }
}