{
    "pgd": {
        "mean_runtime_per_image": 1.2124634580612184,
        "attack_success_rate": 1.2,
        "attack_success_rate_in_epsilon_l0": 0.7000000000000001,
        "attack_success_rate_in_epsilon_l1": 1.2,
        "attack_success_rate_in_epsilon_l2": 0.1,
        "mean_adv_distance_l1": 7.309532726804416,
        "mean_adv_distance_l2": 1.4403063903252284,
        "average_sparsity": 0.9998245066255668
    },
    "SLIDE": {
        "mean_runtime_per_image": 0.7284181277751922,
        "attack_success_rate": 1.5,
        "attack_success_rate_in_epsilon_l0": 0.0,
        "attack_success_rate_in_epsilon_l1": 1.5,
        "attack_success_rate_in_epsilon_l2": 1.2,
        "mean_adv_distance_l1": 12.000018564860026,
        "mean_adv_distance_l2": 0.4129910409450531,
        "average_sparsity": 0.9899894593253968
    },
    "custom_apgd": {
        "mean_runtime_per_image": 0.5286383249759674,
        "attack_success_rate": 9.1,
        "attack_success_rate_in_epsilon_l0": 1.7999999999999998,
        "attack_success_rate_in_epsilon_l1": 9.1,
        "attack_success_rate_in_epsilon_l2": 0.0,
        "mean_adv_distance_l1": 11.999634962815504,
        "mean_adv_distance_l2": 2.4077981880732944,
        "average_sparsity": 0.9997304725461618
    },
    "exp_attack_l1": {
        "mean_runtime_per_image": 2.8321456611156464,
        "attack_success_rate": 8.4,
        "attack_success_rate_in_epsilon_l0": 0.5,
        "attack_success_rate_in_epsilon_l1": 8.4,
        "attack_success_rate_in_epsilon_l1_linf": 8.4,
        "attack_success_rate_in_epsilon_l2": 0.0,
        "mean_adv_distance_l1": 11.99999989782061,
        "mean_adv_distance_l2": 2.3123956351053145,
        "average_sparsity": 0.9996565264870826,
        "average_sparsity_l1_linf": 41.785714285714285
    },
    "exp_attack_l1_linf": {
        "mean_runtime_per_image": 2.232506096839905,
        "attack_success_rate": 15.8,
        "attack_success_rate_in_epsilon_l0": 0.0,
        "attack_success_rate_in_epsilon_l1": 0.0,
        "attack_success_rate_in_epsilon_l1_linf": 15.8,
        "attack_success_rate_in_epsilon_l2": 0.0,
        "mean_adv_distance_l1": 32.80049451997009,
        "mean_adv_distance_l2": 3.431097872649567,
        "average_sparsity": 0.9988096331293597,
        "average_sparsity_l1_linf": 59.72784810126582
    }
}