{
    "pgd": {
        "mean_runtime_per_image": 0.37039963817596433,
        "attack_success_rate": 24.099999999999998,
        "attack_success_rate_in_epsilon_l0": 24.099999999999998,
        "attack_success_rate_in_epsilon_l1": 24.099999999999998,
        "attack_success_rate_in_epsilon_l2": 0.0,
        "mean_adv_distance_l1": 21.743281879860337,
        "mean_adv_distance_l2": 2.9192444081128386,
        "average_sparsity": 73.68879668049793
    },
    "SLIDE": {
        "mean_runtime_per_image": 0.40969744968414307,
        "attack_success_rate": 53.800000000000004,
        "attack_success_rate_in_epsilon_l0": 53.800000000000004,
        "attack_success_rate_in_epsilon_l1": 53.800000000000004,
        "attack_success_rate_in_epsilon_l2": 0.0,
        "mean_adv_distance_l1": 24.430098824341503,
        "mean_adv_distance_l2": 2.816754729552783,
        "average_sparsity": 94.56877323420075
    },
    "custom_apgd": {
        "mean_runtime_per_image": 0.4247978093624115,
        "attack_success_rate": 68.5,
        "attack_success_rate_in_epsilon_l0": 68.5,
        "attack_success_rate_in_epsilon_l1": 68.5,
        "attack_success_rate_in_epsilon_l2": 0.0,
        "mean_adv_distance_l1": 25.000000459434343,
        "mean_adv_distance_l2": 2.4810063202015673,
        "average_sparsity": 181.68321167883212
    },
    "ead_fb": {
        "mean_runtime_per_image": 0.9480831606388092,
        "attack_success_rate": 41.5,
        "attack_success_rate_in_epsilon_l0": 41.5,
        "attack_success_rate_in_epsilon_l1": 41.5,
        "attack_success_rate_in_epsilon_l2": 22.5,
        "mean_adv_distance_l1": 12.72455171461565,
        "mean_adv_distance_l2": 0.5106331685131573,
        "average_sparsity": 644.6698795180723
    },
    "ead_fb_L1_rule_higher_beta": {
        "mean_runtime_per_image": 0.8414903073310852,
        "attack_success_rate": 61.5,
        "attack_success_rate_in_epsilon_l0": 61.5,
        "attack_success_rate_in_epsilon_l1": 61.5,
        "attack_success_rate_in_epsilon_l2": 11.0,
        "mean_adv_distance_l1": 12.64800552410808,
        "mean_adv_distance_l2": 1.1640193069187121,
        "average_sparsity": 198.96747967479675
    }
}