{
    "pgd": {
        "mean_runtime_per_image": 1.209171080827713,
        "attack_success_rate": 0.7000000000000001,
        "attack_success_rate_in_epsilon_l0": 0.5,
        "attack_success_rate_in_epsilon_l1": 0.7000000000000001,
        "attack_success_rate_in_epsilon_l2": 0.1,
        "mean_adv_distance_l1": 11.899340425218854,
        "mean_adv_distance_l2": 2.0339269042015076,
        "average_sparsity": 0.9998358160228378
    },
    "SLIDE": {
        "mean_runtime_per_image": 0.7271155762672424,
        "attack_success_rate": 9.8,
        "attack_success_rate_in_epsilon_l0": 0.0,
        "attack_success_rate_in_epsilon_l1": 9.8,
        "attack_success_rate_in_epsilon_l2": 0.0,
        "mean_adv_distance_l1": 49.99997185687629,
        "mean_adv_distance_l2": 1.3745048204246832,
        "average_sparsity": 0.9899982673235103
    },
    "custom_apgd": {
        "mean_runtime_per_image": 0.5285302107334137,
        "attack_success_rate": 37.0,
        "attack_success_rate_in_epsilon_l0": 0.0,
        "attack_success_rate_in_epsilon_l1": 37.0,
        "attack_success_rate_in_epsilon_l2": 0.0,
        "mean_adv_distance_l1": 49.99895071081213,
        "mean_adv_distance_l2": 5.003894458590327,
        "average_sparsity": 0.9989140926640929
    },
    "exp_attack_l1": {
        "mean_runtime_per_image": 2.8769736552238463,
        "attack_success_rate": 33.4,
        "attack_success_rate_in_epsilon_l0": 0.0,
        "attack_success_rate_in_epsilon_l1": 33.4,
        "attack_success_rate_in_epsilon_l1_linf": 33.4,
        "attack_success_rate_in_epsilon_l2": 0.0,
        "mean_adv_distance_l1": 50.00000013705499,
        "mean_adv_distance_l2": 4.805731274410636,
        "average_sparsity": 0.9986968028229252,
        "average_sparsity_l1_linf": 150.0568862275449
    },
    "exp_attack_l1_linf": {
        "mean_runtime_per_image": 2.223353723049164,
        "attack_success_rate": 54.300000000000004,
        "attack_success_rate_in_epsilon_l0": 0.0,
        "attack_success_rate_in_epsilon_l1": 0.0,
        "attack_success_rate_in_epsilon_l1_linf": 54.300000000000004,
        "attack_success_rate_in_epsilon_l2": 0.0,
        "mean_adv_distance_l1": 133.22115515608814,
        "mean_adv_distance_l2": 7.24256081783091,
        "average_sparsity": 0.9956710757507424,
        "average_sparsity_l1_linf": 217.21178637200737
    }
}