{
    "pgd": {
        "mean_runtime_per_image": 3.326346583843231,
        "attack_success_rate": 5.800000000000001,
        "attack_success_rate_in_epsilon_l0": 2.9000000000000004,
        "attack_success_rate_in_epsilon_l1": 5.800000000000001,
        "attack_success_rate_in_epsilon_l2": 0.0,
        "mean_adv_distance_l1": 13.334586611081814,
        "mean_adv_distance_l2": 2.3425604546892234,
        "average_sparsity": 0.9997139952424934
    },
    "SLIDE": {
        "mean_runtime_per_image": 1.7776573758125305,
        "attack_success_rate": 66.4,
        "attack_success_rate_in_epsilon_l0": 0.0,
        "attack_success_rate_in_epsilon_l1": 66.4,
        "attack_success_rate_in_epsilon_l2": 0.0,
        "mean_adv_distance_l1": 24.986143675195166,
        "mean_adv_distance_l2": 1.1494031208286803,
        "average_sparsity": 0.9787717915667766
    },
    "custom_apgd": {
        "mean_runtime_per_image": 1.258425883769989,
        "attack_success_rate": 70.1,
        "attack_success_rate_in_epsilon_l0": 0.0,
        "attack_success_rate_in_epsilon_l1": 70.1,
        "attack_success_rate_in_epsilon_l2": 0.0,
        "mean_adv_distance_l1": 25.000009242886314,
        "mean_adv_distance_l2": 1.3391688252651743,
        "average_sparsity": 0.9686822783232415
    },
    "exp_attack_l1": {
        "mean_runtime_per_image": 9.125804792404175,
        "attack_success_rate": 74.7,
        "attack_success_rate_in_epsilon_l0": 0.0,
        "attack_success_rate_in_epsilon_l1": 74.7,
        "attack_success_rate_in_epsilon_l1_linf": 74.7,
        "attack_success_rate_in_epsilon_l2": 0.0,
        "mean_adv_distance_l1": 24.999999563378022,
        "mean_adv_distance_l2": 1.5488138521212331,
        "average_sparsity": 0.9806644377965381,
        "average_sparsity_l1_linf": 1969.5716198125838
    },
    "exp_attack_l1_linf": {
        "mean_runtime_per_image": 4.878427360534668,
        "attack_success_rate": 91.9,
        "attack_success_rate_in_epsilon_l0": 0.0,
        "attack_success_rate_in_epsilon_l1": 0.0,
        "attack_success_rate_in_epsilon_l1_linf": 91.9,
        "attack_success_rate_in_epsilon_l2": 0.0,
        "mean_adv_distance_l1": 69.45584274557652,
        "mean_adv_distance_l2": 1.8542330787153316,
        "average_sparsity": 0.9083710648636489,
        "average_sparsity_l1_linf": 4602.820457018498
    }
}