{
    "pgd": {
        "mean_runtime_per_image": 1.0737850468158723,
        "attack_success_rate": 0.8,
        "attack_success_rate_in_epsilon_l0": 0.6,
        "attack_success_rate_in_epsilon_l1": 0.8,
        "attack_success_rate_in_epsilon_l2": 0.0,
        "mean_adv_distance_l1": 8.51139572262764,
        "mean_adv_distance_l2": 2.029299259185791,
        "average_sparsity": 0.9998912162521258
    },
    "SLIDE": {
        "mean_runtime_per_image": 0.5737501885890961,
        "attack_success_rate": 9.8,
        "attack_success_rate_in_epsilon_l0": 0.0,
        "attack_success_rate_in_epsilon_l1": 9.8,
        "attack_success_rate_in_epsilon_l2": 0.0,
        "mean_adv_distance_l1": 74.99999587389888,
        "mean_adv_distance_l2": 2.5325088744260826,
        "average_sparsity": 0.9900103336934257
    },
    "custom_apgd": {
        "mean_runtime_per_image": 0.4311983296871185,
        "attack_success_rate": 13.900000000000002,
        "attack_success_rate_in_epsilon_l0": 0.0,
        "attack_success_rate_in_epsilon_l1": 13.900000000000002,
        "attack_success_rate_in_epsilon_l2": 0.0,
        "mean_adv_distance_l1": 75.00000241506014,
        "mean_adv_distance_l2": 5.425019434030108,
        "average_sparsity": 0.9974431487972886
    },
    "ead_fb": {
        "mean_runtime_per_image": 1.681726867198944,
        "attack_success_rate": 6.9,
        "attack_success_rate_in_epsilon_l0": 0.0,
        "attack_success_rate_in_epsilon_l1": 6.9,
        "attack_success_rate_in_epsilon_l2": 4.8,
        "mean_adv_distance_l1": 38.48785900205806,
        "mean_adv_distance_l2": 0.43992671235532,
        "average_sparsity": 0.8666513197217293
    },
    "ead_fb_L1_rule_higher_beta": {
        "mean_runtime_per_image": 1.243662505865097,
        "attack_success_rate": 14.799999999999999,
        "attack_success_rate_in_epsilon_l0": 0.0,
        "attack_success_rate_in_epsilon_l1": 14.799999999999999,
        "attack_success_rate_in_epsilon_l2": 1.3,
        "mean_adv_distance_l1": 36.650427810243656,
        "mean_adv_distance_l2": 2.15530804136919,
        "average_sparsity": 0.9929865791333423
    }
}