{
    "pgd": {
        "mean_runtime_per_image": 4.115242646455765,
        "attack_success_rate": 0.7000000000000001,
        "attack_success_rate_in_epsilon_l0": 0.5,
        "attack_success_rate_in_epsilon_l1": 0.7000000000000001,
        "attack_success_rate_in_epsilon_l2": 0.1,
        "mean_adv_distance_l1": 11.899340425218854,
        "mean_adv_distance_l2": 2.0339269042015076,
        "average_sparsity": 0.9998358160228378
    },
    "SLIDE": {
        "mean_runtime_per_image": 2.2481837666034696,
        "attack_success_rate": 9.8,
        "attack_success_rate_in_epsilon_l0": 0.0,
        "attack_success_rate_in_epsilon_l1": 9.8,
        "attack_success_rate_in_epsilon_l2": 0.0,
        "mean_adv_distance_l1": 49.99997391992686,
        "mean_adv_distance_l2": 1.374518754530926,
        "average_sparsity": 0.9899984029007003
    },
    "custom_apgd": {
        "mean_runtime_per_image": 1.560097326040268,
        "attack_success_rate": 38.5,
        "attack_success_rate_in_epsilon_l0": 0.0,
        "attack_success_rate_in_epsilon_l1": 38.5,
        "attack_success_rate_in_epsilon_l2": 0.0,
        "mean_adv_distance_l1": 49.991007252482625,
        "mean_adv_distance_l2": 5.066651637213571,
        "average_sparsity": 0.9989238745417003
    },
    "exp_attack_l1": {
        "mean_runtime_per_image": 9.100626653671265,
        "attack_success_rate": 34.0,
        "attack_success_rate_in_epsilon_l0": 0.0,
        "attack_success_rate_in_epsilon_l1": 34.0,
        "attack_success_rate_in_epsilon_l1_linf": 34.0,
        "attack_success_rate_in_epsilon_l2": 0.0,
        "mean_adv_distance_l1": 50.00000007853789,
        "mean_adv_distance_l2": 4.872534786953645,
        "average_sparsity": 0.9987397302671072,
        "average_sparsity_l1_linf": 145.38529411764705
    },
    "exp_attack_l1_linf": {
        "mean_runtime_per_image": 6.626314520597458,
        "attack_success_rate": 54.800000000000004,
        "attack_success_rate_in_epsilon_l0": 0.0,
        "attack_success_rate_in_epsilon_l1": 0.0,
        "attack_success_rate_in_epsilon_l1_linf": 54.800000000000004,
        "attack_success_rate_in_epsilon_l2": 0.0,
        "mean_adv_distance_l1": 132.22986281179163,
        "mean_adv_distance_l2": 7.367073967509026,
        "average_sparsity": 0.9959014342507083,
        "average_sparsity_l1_linf": 205.65510948905109
    }
}