{
    "pgd": {
        "mean_runtime_per_image": 4.115242646455765,
        "attack_success_rate": 0.7000000000000001,
        "attack_success_rate_in_epsilon_l0": 0.5,
        "attack_success_rate_in_epsilon_l1": 0.7000000000000001,
        "attack_success_rate_in_epsilon_l2": 0.1,
        "mean_adv_distance_l1": 11.899340425218854,
        "mean_adv_distance_l2": 2.0339269042015076,
        "average_sparsity": 0.9998358160228378
    },
    "SLIDE": {
        "mean_runtime_per_image": 2.2481837666034696,
        "attack_success_rate": 9.8,
        "attack_success_rate_in_epsilon_l0": 0.0,
        "attack_success_rate_in_epsilon_l1": 9.8,
        "attack_success_rate_in_epsilon_l2": 0.0,
        "mean_adv_distance_l1": 49.99997391992686,
        "mean_adv_distance_l2": 1.374518754530926,
        "average_sparsity": 0.9899984029007003
    },
    "custom_apgd": {
        "mean_runtime_per_image": 1.560097326040268,
        "attack_success_rate": 38.5,
        "attack_success_rate_in_epsilon_l0": 0.0,
        "attack_success_rate_in_epsilon_l1": 38.5,
        "attack_success_rate_in_epsilon_l2": 0.0,
        "mean_adv_distance_l1": 49.991007252482625,
        "mean_adv_distance_l2": 5.066651637213571,
        "average_sparsity": 0.9989238745417003
    },
    "ead_fb": {
        "mean_runtime_per_image": 5.949582367658615,
        "attack_success_rate": 18.0,
        "attack_success_rate_in_epsilon_l0": 0.0,
        "attack_success_rate_in_epsilon_l1": 18.0,
        "attack_success_rate_in_epsilon_l2": 3.9,
        "mean_adv_distance_l1": 26.01254261467192,
        "mean_adv_distance_l2": 1.2218838556980094,
        "average_sparsity": 0.9827842660501697
    },
    "ead_fb_L1_rule_higher_beta": {
        "mean_runtime_per_image": 4.721487873077392,
        "attack_success_rate": 36.199999999999996,
        "attack_success_rate_in_epsilon_l0": 2.6,
        "attack_success_rate_in_epsilon_l1": 36.199999999999996,
        "attack_success_rate_in_epsilon_l2": 0.8999999999999999,
        "mean_adv_distance_l1": 22.978266456509164,
        "mean_adv_distance_l2": 2.685929959979505,
        "average_sparsity": 0.9984070620219769
    }
}