{
    "pgd": {
        "mean_runtime_per_image": 5.488964673757553,
        "attack_success_rate": 1.3,
        "attack_success_rate_in_epsilon_l0": 1.0,
        "attack_success_rate_in_epsilon_l1": 1.3,
        "attack_success_rate_in_epsilon_l2": 0.1,
        "mean_adv_distance_l1": 8.073337476987104,
        "mean_adv_distance_l2": 2.0185838295863223,
        "average_sparsity": 0.9999161924385139
    },
    "SLIDE": {
        "mean_runtime_per_image": 5.018011320829391,
        "attack_success_rate": 16.0,
        "attack_success_rate_in_epsilon_l0": 0.0,
        "attack_success_rate_in_epsilon_l1": 16.0,
        "attack_success_rate_in_epsilon_l2": 0.0,
        "mean_adv_distance_l1": 74.9999876499176,
        "mean_adv_distance_l2": 2.7074109628796577,
        "average_sparsity": 0.9899965454931975
    },
    "custom_apgd": {
        "mean_runtime_per_image": 3.964858368396759,
        "attack_success_rate": 44.6,
        "attack_success_rate_in_epsilon_l0": 0.0,
        "attack_success_rate_in_epsilon_l1": 44.6,
        "attack_success_rate_in_epsilon_l2": 0.0,
        "mean_adv_distance_l1": 74.99999733142253,
        "mean_adv_distance_l2": 6.152798806605317,
        "average_sparsity": 0.9984229205275162
    },
    "ead_fb": {
        "mean_runtime_per_image": 14.379913525819779,
        "attack_success_rate": 23.0,
        "attack_success_rate_in_epsilon_l0": 0.0,
        "attack_success_rate_in_epsilon_l1": 23.0,
        "attack_success_rate_in_epsilon_l2": 4.3999999999999995,
        "mean_adv_distance_l1": 36.42416188431823,
        "mean_adv_distance_l2": 1.475926222158191,
        "average_sparsity": 0.9762807381784235
    },
    "ead_fb_L1_rule_higher_beta": {
        "mean_runtime_per_image": 11.842191064834594,
        "attack_success_rate": 37.5,
        "attack_success_rate_in_epsilon_l0": 1.6,
        "attack_success_rate_in_epsilon_l1": 37.5,
        "attack_success_rate_in_epsilon_l2": 1.0,
        "mean_adv_distance_l1": 30.96010610159238,
        "mean_adv_distance_l2": 3.011726844330629,
        "average_sparsity": 0.9978987386621311
    }
}