{
    "pgd": {
        "mean_runtime_per_image": 5.242287128210068,
        "attack_success_rate": 0.8,
        "attack_success_rate_in_epsilon_l0": 0.6,
        "attack_success_rate_in_epsilon_l1": 0.8,
        "attack_success_rate_in_epsilon_l2": 0.0,
        "mean_adv_distance_l1": 8.51139572262764,
        "mean_adv_distance_l2": 2.029299259185791,
        "average_sparsity": 0.9998912162521258
    },
    "SLIDE": {
        "mean_runtime_per_image": 2.8686488599777222,
        "attack_success_rate": 40.400000000000006,
        "attack_success_rate_in_epsilon_l0": 0.0,
        "attack_success_rate_in_epsilon_l1": 40.400000000000006,
        "attack_success_rate_in_epsilon_l2": 0.0,
        "mean_adv_distance_l1": 254.96191806604367,
        "mean_adv_distance_l2": 9.386190079226353,
        "average_sparsity": 0.9890877839378327
    },
    "custom_apgd": {
        "mean_runtime_per_image": 2.0983968038558958,
        "attack_success_rate": 46.1,
        "attack_success_rate_in_epsilon_l0": 0.0,
        "attack_success_rate_in_epsilon_l1": 46.1,
        "attack_success_rate_in_epsilon_l2": 0.0,
        "mean_adv_distance_l1": 255.0000276379368,
        "mean_adv_distance_l2": 10.51913392673087,
        "average_sparsity": 0.9922259618665806
    },
    "ead_fb": {
        "mean_runtime_per_image": 5.889170557260513,
        "attack_success_rate": 24.9,
        "attack_success_rate_in_epsilon_l0": 0.0,
        "attack_success_rate_in_epsilon_l1": 24.9,
        "attack_success_rate_in_epsilon_l2": 5.0,
        "mean_adv_distance_l1": 133.44891288230218,
        "mean_adv_distance_l2": 1.4294372246148117,
        "average_sparsity": 0.818170508351433
    },
    "ead_fb_L1_rule_higher_beta": {
        "mean_runtime_per_image": 5.278553664207458,
        "attack_success_rate": 44.0,
        "attack_success_rate_in_epsilon_l0": 0.0,
        "attack_success_rate_in_epsilon_l1": 44.0,
        "attack_success_rate_in_epsilon_l2": 1.0999999999999999,
        "mean_adv_distance_l1": 116.0592310406945,
        "mean_adv_distance_l2": 4.413028701750393,
        "average_sparsity": 0.9859375452951061
    }
}