{
    "pgd": {
        "mean_runtime_per_image": 1.1583198421001435,
        "attack_success_rate": 0.7000000000000001,
        "attack_success_rate_in_epsilon_l0": 0.6,
        "attack_success_rate_in_epsilon_l1": 0.7000000000000001,
        "attack_success_rate_in_epsilon_l2": 0.1,
        "mean_adv_distance_l1": 11.899340425218854,
        "mean_adv_distance_l2": 2.0339269042015076,
        "average_sparsity": 20.285714285714285
    },
    "SLIDE": {
        "mean_runtime_per_image": 0.7036899263858796,
        "attack_success_rate": 70.8,
        "attack_success_rate_in_epsilon_l0": 0.0,
        "attack_success_rate_in_epsilon_l1": 70.8,
        "attack_success_rate_in_epsilon_l2": 0.0,
        "mean_adv_distance_l1": 254.9847187322412,
        "mean_adv_distance_l2": 8.749940026277876,
        "average_sparsity": 1068.518361581921
    },
    "custom_apgd": {
        "mean_runtime_per_image": 0.5197067728042603,
        "attack_success_rate": 83.3,
        "attack_success_rate_in_epsilon_l0": 0.0,
        "attack_success_rate_in_epsilon_l1": 83.3,
        "attack_success_rate_in_epsilon_l2": 0.0,
        "mean_adv_distance_l1": 255.0000080415467,
        "mean_adv_distance_l2": 10.747634493861021,
        "average_sparsity": 743.9603841536615
    },
    "ead_fb": {
        "mean_runtime_per_image": 2.8058536643981933,
        "attack_success_rate": 58.5,
        "attack_success_rate_in_epsilon_l0": 11.3,
        "attack_success_rate_in_epsilon_l1": 58.5,
        "attack_success_rate_in_epsilon_l2": 4.1000000000000005,
        "mean_adv_distance_l1": 117.0904480925992,
        "mean_adv_distance_l2": 2.773915477612844,
        "average_sparsity": 4957.839316239316
    },
    "ead_fb_L1_rule_higher_beta": {
        "mean_runtime_per_image": 2.0395262851715086,
        "attack_success_rate": 74.4,
        "attack_success_rate_in_epsilon_l0": 23.1,
        "attack_success_rate_in_epsilon_l1": 74.4,
        "attack_success_rate_in_epsilon_l2": 1.0,
        "mean_adv_distance_l1": 83.27252309853512,
        "mean_adv_distance_l2": 4.692108987740451,
        "average_sparsity": 616.7956989247311
    }
}