{
    "pgd": {
        "mean_runtime_per_image": 0.07331661057472229,
        "attack_success_rate": 4.1000000000000005,
        "attack_success_rate_in_epsilon_l0": 4.1000000000000005,
        "attack_success_rate_in_epsilon_l1": 4.1000000000000005,
        "attack_success_rate_in_epsilon_l2": 3.1,
        "mean_adv_distance_l1": 1.9638450872607347,
        "mean_adv_distance_l2": 0.4860431501051275,
        "average_sparsity": 23.658536585365855
    },
    "SLIDE": {
        "mean_runtime_per_image": 0.08040741491317749,
        "attack_success_rate": 4.3,
        "attack_success_rate_in_epsilon_l0": 4.3,
        "attack_success_rate_in_epsilon_l1": 4.3,
        "attack_success_rate_in_epsilon_l2": 4.1000000000000005,
        "mean_adv_distance_l1": 1.9999999861384548,
        "mean_adv_distance_l2": 0.40665237362994705,
        "average_sparsity": 39.674418604651166
    },
    "custom_apgd": {
        "mean_runtime_per_image": 0.08809246397018433,
        "attack_success_rate": 4.6,
        "attack_success_rate_in_epsilon_l0": 4.6,
        "attack_success_rate_in_epsilon_l1": 4.6,
        "attack_success_rate_in_epsilon_l2": 4.0,
        "mean_adv_distance_l1": 1.9999999922254812,
        "mean_adv_distance_l2": 0.4305927533170451,
        "average_sparsity": 39.78260869565217
    },
    "ead_fb": {
        "mean_runtime_per_image": 0.2736105608940125,
        "attack_success_rate": 3.5999999999999996,
        "attack_success_rate_in_epsilon_l0": 3.5999999999999996,
        "attack_success_rate_in_epsilon_l1": 3.5999999999999996,
        "attack_success_rate_in_epsilon_l2": 3.5999999999999996,
        "mean_adv_distance_l1": 0.8891673568222258,
        "mean_adv_distance_l2": 0.05655977223068476,
        "average_sparsity": 371.69444444444446
    },
    "ead_fb_L1_rule_higher_beta": {
        "mean_runtime_per_image": 0.21939894580841066,
        "attack_success_rate": 4.5,
        "attack_success_rate_in_epsilon_l0": 4.5,
        "attack_success_rate_in_epsilon_l1": 4.5,
        "attack_success_rate_in_epsilon_l2": 4.5,
        "mean_adv_distance_l1": 0.8011004149913787,
        "mean_adv_distance_l2": 0.1620032204522027,
        "average_sparsity": 47.55555555555556
    }
}