{
    "pgd": {
        "mean_runtime_per_image": 0.07437636661529541,
        "attack_success_rate": 6.800000000000001,
        "attack_success_rate_in_epsilon_l0": 6.800000000000001,
        "attack_success_rate_in_epsilon_l1": 6.800000000000001,
        "attack_success_rate_in_epsilon_l2": 0.2,
        "mean_adv_distance_l1": 3.8929643034934998,
        "mean_adv_distance_l2": 0.7975995575680452,
        "average_sparsity": 34.80882352941177
    },
    "SLIDE": {
        "mean_runtime_per_image": 0.08173672795295715,
        "attack_success_rate": 8.9,
        "attack_success_rate_in_epsilon_l0": 8.9,
        "attack_success_rate_in_epsilon_l1": 8.9,
        "attack_success_rate_in_epsilon_l2": 0.8,
        "mean_adv_distance_l1": 3.9995486227314125,
        "mean_adv_distance_l2": 0.7100810087128971,
        "average_sparsity": 46.50561797752809
    },
    "custom_apgd": {
        "mean_runtime_per_image": 0.08755602097511292,
        "attack_success_rate": 10.0,
        "attack_success_rate_in_epsilon_l0": 10.0,
        "attack_success_rate_in_epsilon_l1": 10.0,
        "attack_success_rate_in_epsilon_l2": 2.4,
        "mean_adv_distance_l1": 4.0000001192092896,
        "mean_adv_distance_l2": 0.6925547870993615,
        "average_sparsity": 63.88
    },
    "exp_attack_l1_linf": {
        "mean_runtime_per_image": 0.48468781518936155,
        "attack_success_rate": 24.099999999999998,
        "attack_success_rate_in_epsilon_l0": 0.0,
        "attack_success_rate_in_epsilon_l1": 0.0,
        "attack_success_rate_in_epsilon_l1_linf": 24.099999999999998,
        "attack_success_rate_in_epsilon_l2": 0.0,
        "mean_adv_distance_l1": 11.72895794785369,
        "mean_adv_distance_l2": 1.7516096667135406,
        "average_sparsity": 0.965828416753112,
        "average_sparsity_l1_linf": 34.995850622406635
    },
    "exp_attack_l1": {
        "mean_runtime_per_image": 0.5221366722583771,
        "attack_success_rate": 9.9,
        "attack_success_rate_in_epsilon_l0": 0.4,
        "attack_success_rate_in_epsilon_l1": 9.9,
        "attack_success_rate_in_epsilon_l1_linf": 9.9,
        "attack_success_rate_in_epsilon_l2": 2.9000000000000004,
        "mean_adv_distance_l1": 3.999999934976751,
        "mean_adv_distance_l2": 0.684504061335265,
        "average_sparsity": 0.971294981060606,
        "average_sparsity_l1_linf": 66.8989898989899
    },
    "ead_fb": {
        "mean_runtime_per_image": 0.27814920449256897,
        "attack_success_rate": 6.9,
        "attack_success_rate_in_epsilon_l0": 6.9,
        "attack_success_rate_in_epsilon_l1": 6.9,
        "attack_success_rate_in_epsilon_l2": 6.9,
        "mean_adv_distance_l1": 1.9920996939358504,
        "mean_adv_distance_l2": 0.11472107264874638,
        "average_sparsity": 424.8695652173913
    },
    "ead_fb_L1_rule_higher_beta": {
        "mean_runtime_per_image": 0.2221433570384979,
        "attack_success_rate": 9.5,
        "attack_success_rate_in_epsilon_l0": 9.5,
        "attack_success_rate_in_epsilon_l1": 9.5,
        "attack_success_rate_in_epsilon_l2": 9.3,
        "mean_adv_distance_l1": 1.9658858109461634,
        "mean_adv_distance_l2": 0.28760746170423535,
        "average_sparsity": 88.5578947368421
    }
}