{
    "pgd": {
        "mean_runtime_per_image": 8.028056081533432,
        "attack_success_rate": 13.200000000000001,
        "attack_success_rate_in_epsilon_l0": 3.1,
        "attack_success_rate_in_epsilon_l1": 13.200000000000001,
        "attack_success_rate_in_epsilon_l2": 0.2,
        "mean_adv_distance_l1": 9.330033509117184,
        "mean_adv_distance_l2": 1.334680411174442,
        "average_sparsity": 0.9992283726937748
    },
    "SLIDE": {
        "mean_runtime_per_image": 5.797971291303635,
        "attack_success_rate": 89.7,
        "attack_success_rate_in_epsilon_l0": 0.0,
        "attack_success_rate_in_epsilon_l1": 89.7,
        "attack_success_rate_in_epsilon_l2": 42.4,
        "mean_adv_distance_l1": 11.998059410979783,
        "mean_adv_distance_l2": 0.5559274227988626,
        "average_sparsity": 0.9884195813567914
    },
    "custom_apgd": {
        "mean_runtime_per_image": 4.016545774936676,
        "attack_success_rate": 93.4,
        "attack_success_rate_in_epsilon_l0": 0.0,
        "attack_success_rate_in_epsilon_l1": 93.4,
        "attack_success_rate_in_epsilon_l2": 7.199999999999999,
        "mean_adv_distance_l1": 12.000001305941597,
        "mean_adv_distance_l2": 0.7538149662842332,
        "average_sparsity": 0.9902389627056651
    },
    "ead_fb": {
        "mean_runtime_per_image": 15.770450808525085,
        "attack_success_rate": 66.4,
        "attack_success_rate_in_epsilon_l0": 0.5,
        "attack_success_rate_in_epsilon_l1": 66.4,
        "attack_success_rate_in_epsilon_l2": 66.4,
        "mean_adv_distance_l1": 5.229231470096183,
        "mean_adv_distance_l2": 0.15890939718958114,
        "average_sparsity": 0.9766283225215918
    },
    "ead_fb_L1_rule_higher_beta": {
        "mean_runtime_per_image": 14.083288672447205,
        "attack_success_rate": 81.89999999999999,
        "attack_success_rate_in_epsilon_l0": 5.7,
        "attack_success_rate_in_epsilon_l1": 81.89999999999999,
        "attack_success_rate_in_epsilon_l2": 60.199999999999996,
        "mean_adv_distance_l1": 4.3400694784618485,
        "mean_adv_distance_l2": 0.40886812714998577,
        "average_sparsity": 0.997562191180653
    }
}