{
    "pgd": {
        "mean_runtime_per_image": 4.103423879861832,
        "attack_success_rate": 0.7000000000000001,
        "attack_success_rate_in_epsilon_l0": 0.5,
        "attack_success_rate_in_epsilon_l1": 0.7000000000000001,
        "attack_success_rate_in_epsilon_l2": 0.1,
        "mean_adv_distance_l1": 11.899340425218854,
        "mean_adv_distance_l2": 2.0339269042015076,
        "average_sparsity": 0.9998358160228378
    },
    "SLIDE": {
        "mean_runtime_per_image": 2.242000598669052,
        "attack_success_rate": 16.8,
        "attack_success_rate_in_epsilon_l0": 0.0,
        "attack_success_rate_in_epsilon_l1": 16.8,
        "attack_success_rate_in_epsilon_l2": 0.0,
        "mean_adv_distance_l1": 75.00000890096028,
        "mean_adv_distance_l2": 2.602986298856281,
        "average_sparsity": 0.9899986571079331
    },
    "custom_apgd": {
        "mean_runtime_per_image": 1.554533365726471,
        "attack_success_rate": 51.9,
        "attack_success_rate_in_epsilon_l0": 0.0,
        "attack_success_rate_in_epsilon_l1": 51.9,
        "attack_success_rate_in_epsilon_l2": 0.0,
        "mean_adv_distance_l1": 74.99812453606225,
        "mean_adv_distance_l2": 6.168290806184155,
        "average_sparsity": 0.9983327153416763
    },
    "exp_attack_l1": {
        "mean_runtime_per_image": 9.15310609126091,
        "attack_success_rate": 48.199999999999996,
        "attack_success_rate_in_epsilon_l0": 0.0,
        "attack_success_rate_in_epsilon_l1": 48.199999999999996,
        "attack_success_rate_in_epsilon_l1_linf": 48.199999999999996,
        "attack_success_rate_in_epsilon_l2": 0.0,
        "mean_adv_distance_l1": 75.00000039571549,
        "mean_adv_distance_l2": 6.009084103018417,
        "average_sparsity": 0.9981552900594894,
        "average_sparsity_l1_linf": 211.6721991701245
    },
    "exp_attack_l1_linf": {
        "mean_runtime_per_image": 6.646296793937683,
        "attack_success_rate": 66.9,
        "attack_success_rate_in_epsilon_l0": 0.0,
        "attack_success_rate_in_epsilon_l1": 0.0,
        "attack_success_rate_in_epsilon_l1_linf": 66.9,
        "attack_success_rate_in_epsilon_l2": 0.0,
        "mean_adv_distance_l1": 198.19655156385025,
        "mean_adv_distance_l2": 9.097426754476778,
        "average_sparsity": 0.9939631431094489,
        "average_sparsity_l1_linf": 302.9088191330344
    }
}