{
    "pgd": {
        "mean_runtime_per_image": 4.110433946609497,
        "attack_success_rate": 0.6,
        "attack_success_rate_in_epsilon_l0": 0.5,
        "attack_success_rate_in_epsilon_l1": 0.6,
        "attack_success_rate_in_epsilon_l2": 0.1,
        "mean_adv_distance_l1": 7.319791873296102,
        "mean_adv_distance_l2": 1.5306368172168732,
        "average_sparsity": 0.9998815281320862
    },
    "SLIDE": {
        "mean_runtime_per_image": 2.250814012289047,
        "attack_success_rate": 4.2,
        "attack_success_rate_in_epsilon_l0": 0.0,
        "attack_success_rate_in_epsilon_l1": 4.2,
        "attack_success_rate_in_epsilon_l2": 0.0,
        "mean_adv_distance_l1": 24.999995821998233,
        "mean_adv_distance_l2": 0.6662870546181997,
        "average_sparsity": 0.9899991711714448
    },
    "custom_apgd": {
        "mean_runtime_per_image": 1.5633845720291137,
        "attack_success_rate": 19.900000000000002,
        "attack_success_rate_in_epsilon_l0": 0.0,
        "attack_success_rate_in_epsilon_l1": 19.900000000000002,
        "attack_success_rate_in_epsilon_l2": 0.0,
        "mean_adv_distance_l1": 24.993450097702258,
        "mean_adv_distance_l2": 3.537504966534562,
        "average_sparsity": 0.9994538487505543
    },
    "exp_attack_l1": {
        "mean_runtime_per_image": 8.604832731723786,
        "attack_success_rate": 18.099999999999998,
        "attack_success_rate_in_epsilon_l0": 0.0,
        "attack_success_rate_in_epsilon_l1": 18.099999999999998,
        "attack_success_rate_in_epsilon_l1_linf": 18.099999999999998,
        "attack_success_rate_in_epsilon_l2": 0.0,
        "mean_adv_distance_l1": 24.99999998946216,
        "mean_adv_distance_l2": 3.3746320766638656,
        "average_sparsity": 0.9993387181357344,
        "average_sparsity_l1_linf": 77.32596685082873
    },
    "exp_attack_l1_linf": {
        "mean_runtime_per_image": 6.738901575565338,
        "attack_success_rate": 67.4,
        "attack_success_rate_in_epsilon_l0": 0.0,
        "attack_success_rate_in_epsilon_l1": 0.0,
        "attack_success_rate_in_epsilon_l1_linf": 67.4,
        "attack_success_rate_in_epsilon_l2": 0.0,
        "mean_adv_distance_l1": 198.7939868553456,
        "mean_adv_distance_l2": 8.979103105358272,
        "average_sparsity": 0.9938432641927306,
        "average_sparsity_l1_linf": 308.92284866468844
    }
}