{
    "pgd": {
        "mean_runtime_per_image": 5.789279936552048,
        "attack_success_rate": 0.7000000000000001,
        "attack_success_rate_in_epsilon_l0": 0.6,
        "attack_success_rate_in_epsilon_l1": 0.7000000000000001,
        "attack_success_rate_in_epsilon_l2": 0.1,
        "mean_adv_distance_l1": 11.899340425218854,
        "mean_adv_distance_l2": 2.0339269042015076,
        "average_sparsity": 20.285714285714285
    },
    "SLIDE": {
        "mean_runtime_per_image": 3.5304382309913636,
        "attack_success_rate": 71.7,
        "attack_success_rate_in_epsilon_l0": 0.0,
        "attack_success_rate_in_epsilon_l1": 71.7,
        "attack_success_rate_in_epsilon_l2": 0.0,
        "mean_adv_distance_l1": 254.99386098694103,
        "mean_adv_distance_l2": 8.950088704480287,
        "average_sparsity": 1052.6666666666667
    },
    "custom_apgd": {
        "mean_runtime_per_image": 2.4975402777194975,
        "attack_success_rate": 85.6,
        "attack_success_rate_in_epsilon_l0": 0.0,
        "attack_success_rate_in_epsilon_l1": 85.6,
        "attack_success_rate_in_epsilon_l2": 0.0,
        "mean_adv_distance_l1": 255.00002187211936,
        "mean_adv_distance_l2": 11.022961952975978,
        "average_sparsity": 720.8165887850467
    },
    "ead_fb": {
        "mean_runtime_per_image": 9.088197791099548,
        "attack_success_rate": 69.5,
        "attack_success_rate_in_epsilon_l0": 13.3,
        "attack_success_rate_in_epsilon_l1": 69.5,
        "attack_success_rate_in_epsilon_l2": 4.1000000000000005,
        "mean_adv_distance_l1": 110.979995207049,
        "mean_adv_distance_l2": 3.136214030324984,
        "average_sparsity": 4395.484892086331
    },
    "ead_fb_L1_rule_higher_beta": {
        "mean_runtime_per_image": 7.5022405009269715,
        "attack_success_rate": 78.7,
        "attack_success_rate_in_epsilon_l0": 25.2,
        "attack_success_rate_in_epsilon_l1": 78.7,
        "attack_success_rate_in_epsilon_l2": 0.8999999999999999,
        "mean_adv_distance_l1": 77.54652729728927,
        "mean_adv_distance_l2": 4.780716709650608,
        "average_sparsity": 509.989834815756
    }
}