{
    "pgd": {
        "mean_runtime_per_image": 1.2128216178417206,
        "attack_success_rate": 0.7000000000000001,
        "attack_success_rate_in_epsilon_l0": 0.5,
        "attack_success_rate_in_epsilon_l1": 0.7000000000000001,
        "attack_success_rate_in_epsilon_l2": 0.1,
        "mean_adv_distance_l1": 11.899340425218854,
        "mean_adv_distance_l2": 2.0339269042015076,
        "average_sparsity": 0.9998358160228378
    },
    "SLIDE": {
        "mean_runtime_per_image": 0.7266300597190857,
        "attack_success_rate": 16.8,
        "attack_success_rate_in_epsilon_l0": 0.0,
        "attack_success_rate_in_epsilon_l1": 16.8,
        "attack_success_rate_in_epsilon_l2": 0.0,
        "mean_adv_distance_l1": 75.00001739320301,
        "mean_adv_distance_l2": 2.602649464493706,
        "average_sparsity": 0.9899979057843382
    },
    "custom_apgd": {
        "mean_runtime_per_image": 0.5291452708244324,
        "attack_success_rate": 50.4,
        "attack_success_rate_in_epsilon_l0": 0.0,
        "attack_success_rate_in_epsilon_l1": 50.4,
        "attack_success_rate_in_epsilon_l2": 0.0,
        "mean_adv_distance_l1": 75.00000018165225,
        "mean_adv_distance_l2": 6.103307495987605,
        "average_sparsity": 0.9983228084760687
    },
    "exp_attack_l1": {
        "mean_runtime_per_image": 3.0471772832870485,
        "attack_success_rate": 46.300000000000004,
        "attack_success_rate_in_epsilon_l0": 0.0,
        "attack_success_rate_in_epsilon_l1": 46.300000000000004,
        "attack_success_rate_in_epsilon_l1_linf": 46.300000000000004,
        "attack_success_rate_in_epsilon_l2": 0.0,
        "mean_adv_distance_l1": 74.9999989289187,
        "mean_adv_distance_l2": 6.001873276403605,
        "average_sparsity": 0.9981385465565826,
        "average_sparsity_l1_linf": 214.78185745140388
    },
    "exp_attack_l1_linf": {
        "mean_runtime_per_image": 2.239318859100342,
        "attack_success_rate": 66.7,
        "attack_success_rate_in_epsilon_l0": 0.0,
        "attack_success_rate_in_epsilon_l1": 0.0,
        "attack_success_rate_in_epsilon_l1_linf": 66.7,
        "attack_success_rate_in_epsilon_l2": 0.0,
        "mean_adv_distance_l1": 198.69234900067056,
        "mean_adv_distance_l2": 8.88569352580332,
        "average_sparsity": 0.9935944117386448,
        "average_sparsity_l1_linf": 321.40929535232385
    }
}