{
    "pgd": {
        "mean_runtime_per_image": 1.085440381526947,
        "attack_success_rate": 0.7000000000000001,
        "attack_success_rate_in_epsilon_l0": 0.5,
        "attack_success_rate_in_epsilon_l1": 0.7000000000000001,
        "attack_success_rate_in_epsilon_l2": 0.0,
        "mean_adv_distance_l1": 6.033659219741821,
        "mean_adv_distance_l2": 1.3015417116028922,
        "average_sparsity": 0.9998320198615162
    },
    "SLIDE": {
        "mean_runtime_per_image": 0.5743836805820465,
        "attack_success_rate": 1.2,
        "attack_success_rate_in_epsilon_l0": 0.0,
        "attack_success_rate_in_epsilon_l1": 1.2,
        "attack_success_rate_in_epsilon_l2": 0.6,
        "mean_adv_distance_l1": 12.000007311503092,
        "mean_adv_distance_l2": 0.5311249146858851,
        "average_sparsity": 0.9900522383432538
    },
    "custom_apgd": {
        "mean_runtime_per_image": 0.4321690237522125,
        "attack_success_rate": 2.5,
        "attack_success_rate_in_epsilon_l0": 0.0,
        "attack_success_rate_in_epsilon_l1": 2.5,
        "attack_success_rate_in_epsilon_l2": 0.0,
        "mean_adv_distance_l1": 12.000000801086426,
        "mean_adv_distance_l2": 2.027754783630371,
        "average_sparsity": 0.9995065369897957
    },
    "exp_attack_l1": {
        "mean_runtime_per_image": 2.830064293384552,
        "attack_success_rate": 2.5,
        "attack_success_rate_in_epsilon_l0": 0.0,
        "attack_success_rate_in_epsilon_l1": 2.5,
        "attack_success_rate_in_epsilon_l1_linf": 2.5,
        "attack_success_rate_in_epsilon_l2": 0.0,
        "mean_adv_distance_l1": 12.000000495910644,
        "mean_adv_distance_l2": 2.0659858417510986,
        "average_sparsity": 0.9994650829081634,
        "average_sparsity_l1_linf": 67.76
    },
    "exp_attack_l1_linf": {
        "mean_runtime_per_image": 2.0542495894432067,
        "attack_success_rate": 4.9,
        "attack_success_rate_in_epsilon_l0": 0.0,
        "attack_success_rate_in_epsilon_l1": 0.0,
        "attack_success_rate_in_epsilon_l1_linf": 4.9,
        "attack_success_rate_in_epsilon_l2": 0.0,
        "mean_adv_distance_l1": 33.65245204069176,
        "mean_adv_distance_l2": 3.0581614922504037,
        "average_sparsity": 0.9981538454029567,
        "average_sparsity_l1_linf": 92.63265306122449
    }
}