{
    "pgd": {
        "mean_runtime_per_image": 4.115242646455765,
        "attack_success_rate": 0.7000000000000001,
        "attack_success_rate_in_epsilon_l0": 0.5,
        "attack_success_rate_in_epsilon_l1": 0.7000000000000001,
        "attack_success_rate_in_epsilon_l2": 0.1,
        "mean_adv_distance_l1": 11.899340425218854,
        "mean_adv_distance_l2": 2.0339269042015076,
        "average_sparsity": 0.9998358160228378
    },
    "SLIDE": {
        "mean_runtime_per_image": 2.2481837666034696,
        "attack_success_rate": 9.8,
        "attack_success_rate_in_epsilon_l0": 0.0,
        "attack_success_rate_in_epsilon_l1": 9.8,
        "attack_success_rate_in_epsilon_l2": 0.0,
        "mean_adv_distance_l1": 49.99997391992686,
        "mean_adv_distance_l2": 1.374518754530926,
        "average_sparsity": 0.9899984029007003
    },
    "custom_apgd": {
        "mean_runtime_per_image": 1.560097326040268,
        "attack_success_rate": 38.5,
        "attack_success_rate_in_epsilon_l0": 0.0,
        "attack_success_rate_in_epsilon_l1": 38.5,
        "attack_success_rate_in_epsilon_l2": 0.0,
        "mean_adv_distance_l1": 49.991007252482625,
        "mean_adv_distance_l2": 5.066651637213571,
        "average_sparsity": 0.9989238745417003
    },
    "exp_attack_l1": {
        "mean_runtime_per_image": 8.599651490688323,
        "attack_success_rate": 33.800000000000004,
        "attack_success_rate_in_epsilon_l0": 0.0,
        "attack_success_rate_in_epsilon_l1": 33.800000000000004,
        "attack_success_rate_in_epsilon_l1_linf": 33.800000000000004,
        "attack_success_rate_in_epsilon_l2": 0.0,
        "mean_adv_distance_l1": 49.99999988713913,
        "mean_adv_distance_l2": 4.830479034305324,
        "average_sparsity": 0.9987378942886325,
        "average_sparsity_l1_linf": 145.72189349112426
    },
    "exp_attack_l1_linf": {
        "mean_runtime_per_image": 6.678227588891983,
        "attack_success_rate": 54.900000000000006,
        "attack_success_rate_in_epsilon_l0": 0.0,
        "attack_success_rate_in_epsilon_l1": 0.0,
        "attack_success_rate_in_epsilon_l1_linf": 54.900000000000006,
        "attack_success_rate_in_epsilon_l2": 0.0,
        "mean_adv_distance_l1": 133.16598856774834,
        "mean_adv_distance_l2": 7.300752700569417,
        "average_sparsity": 0.9958111382360316,
        "average_sparsity_l1_linf": 210.183970856102
    }
}