{
    "pgd": {
        "mean_runtime_per_image": 1.1391023643016815,
        "attack_success_rate": 5.7,
        "attack_success_rate_in_epsilon_l0": 2.9000000000000004,
        "attack_success_rate_in_epsilon_l1": 5.7,
        "attack_success_rate_in_epsilon_l2": 0.0,
        "mean_adv_distance_l1": 13.13362410089426,
        "mean_adv_distance_l2": 2.3542985194607784,
        "average_sparsity": 0.9997738953037355
    },
    "SLIDE": {
        "mean_runtime_per_image": 0.6077709968090057,
        "attack_success_rate": 62.1,
        "attack_success_rate_in_epsilon_l0": 0.0,
        "attack_success_rate_in_epsilon_l1": 62.1,
        "attack_success_rate_in_epsilon_l2": 0.0,
        "mean_adv_distance_l1": 24.98461599242476,
        "mean_adv_distance_l2": 0.9572285212180465,
        "average_sparsity": 0.9779008165011175
    },
    "custom_apgd": {
        "mean_runtime_per_image": 0.4389589924812317,
        "attack_success_rate": 60.699999999999996,
        "attack_success_rate_in_epsilon_l0": 0.0,
        "attack_success_rate_in_epsilon_l1": 60.699999999999996,
        "attack_success_rate_in_epsilon_l2": 0.0,
        "mean_adv_distance_l1": 25.00002919783113,
        "mean_adv_distance_l2": 1.3926906565072312,
        "average_sparsity": 0.9714899763704901
    },
    "exp_attack_l1": {
        "mean_runtime_per_image": 2.9539931576251983,
        "attack_success_rate": 54.300000000000004,
        "attack_success_rate_in_epsilon_l0": 0.0,
        "attack_success_rate_in_epsilon_l1": 54.300000000000004,
        "attack_success_rate_in_epsilon_l1_linf": 54.300000000000004,
        "attack_success_rate_in_epsilon_l2": 0.0,
        "mean_adv_distance_l1": 25.000000087815316,
        "mean_adv_distance_l2": 1.683608776188248,
        "average_sparsity": 0.9925239828608706,
        "average_sparsity_l1_linf": 822.219152854512
    },
    "exp_attack_l1_linf": {
        "mean_runtime_per_image": 2.0797561693191526,
        "attack_success_rate": 68.60000000000001,
        "attack_success_rate_in_epsilon_l0": 0.0,
        "attack_success_rate_in_epsilon_l1": 0.0,
        "attack_success_rate_in_epsilon_l1_linf": 68.60000000000001,
        "attack_success_rate_in_epsilon_l2": 0.0,
        "mean_adv_distance_l1": 68.2642042421391,
        "mean_adv_distance_l2": 2.3968209459204717,
        "average_sparsity": 0.9760434620960272,
        "average_sparsity_l1_linf": 1202.502915451895
    }
}