{
    "pgd": {
        "mean_runtime_per_image": 6.029546460151672,
        "attack_success_rate": 1.2,
        "attack_success_rate_in_epsilon_l0": 0.7000000000000001,
        "attack_success_rate_in_epsilon_l1": 1.2,
        "attack_success_rate_in_epsilon_l2": 0.1,
        "mean_adv_distance_l1": 7.309532726804416,
        "mean_adv_distance_l2": 1.4403063903252284,
        "average_sparsity": 0.9998245066255668
    },
    "SLIDE": {
        "mean_runtime_per_image": 3.5587605712413786,
        "attack_success_rate": 1.5,
        "attack_success_rate_in_epsilon_l0": 0.0,
        "attack_success_rate_in_epsilon_l1": 1.5,
        "attack_success_rate_in_epsilon_l2": 1.2,
        "mean_adv_distance_l1": 12.000022824605306,
        "mean_adv_distance_l2": 0.4114636560281118,
        "average_sparsity": 0.9899965454931975
    },
    "custom_apgd": {
        "mean_runtime_per_image": 2.5065596251487734,
        "attack_success_rate": 9.6,
        "attack_success_rate_in_epsilon_l0": 2.8000000000000003,
        "attack_success_rate_in_epsilon_l1": 9.6,
        "attack_success_rate_in_epsilon_l2": 0.0,
        "mean_adv_distance_l1": 11.999999771515528,
        "mean_adv_distance_l2": 2.4529387379686036,
        "average_sparsity": 0.9997421576052302
    },
    "ead_fb": {
        "mean_runtime_per_image": 8.607395659208297,
        "attack_success_rate": 3.6999999999999997,
        "attack_success_rate_in_epsilon_l0": 0.1,
        "attack_success_rate_in_epsilon_l1": 3.6999999999999997,
        "attack_success_rate_in_epsilon_l2": 2.6,
        "mean_adv_distance_l1": 6.546614758066229,
        "mean_adv_distance_l2": 0.46857198972154307,
        "average_sparsity": 0.9925205618564993
    },
    "ead_fb_L1_rule_higher_beta": {
        "mean_runtime_per_image": 7.301497727870941,
        "attack_success_rate": 10.9,
        "attack_success_rate_in_epsilon_l0": 2.9000000000000004,
        "attack_success_rate_in_epsilon_l1": 10.9,
        "attack_success_rate_in_epsilon_l2": 0.8999999999999999,
        "mean_adv_distance_l1": 6.067595002301243,
        "mean_adv_distance_l2": 1.3853010473721619,
        "average_sparsity": 0.9995901277655559
    }
}