{
    "pgd": {
        "mean_runtime_per_image": 1.2134785532951355,
        "attack_success_rate": 0.6,
        "attack_success_rate_in_epsilon_l0": 0.5,
        "attack_success_rate_in_epsilon_l1": 0.6,
        "attack_success_rate_in_epsilon_l2": 0.1,
        "mean_adv_distance_l1": 7.319791873296102,
        "mean_adv_distance_l2": 1.5306368172168732,
        "average_sparsity": 0.9998815281320862
    },
    "SLIDE": {
        "mean_runtime_per_image": 0.7281262757778167,
        "attack_success_rate": 4.2,
        "attack_success_rate_in_epsilon_l0": 0.0,
        "attack_success_rate_in_epsilon_l1": 4.2,
        "attack_success_rate_in_epsilon_l2": 0.0,
        "mean_adv_distance_l1": 24.999985513233003,
        "mean_adv_distance_l2": 0.6662853558858236,
        "average_sparsity": 0.9899990129980564
    },
    "custom_apgd": {
        "mean_runtime_per_image": 0.5281677019596099,
        "attack_success_rate": 19.5,
        "attack_success_rate_in_epsilon_l0": 0.0,
        "attack_success_rate_in_epsilon_l1": 19.5,
        "attack_success_rate_in_epsilon_l2": 0.0,
        "mean_adv_distance_l1": 24.999999755468124,
        "mean_adv_distance_l2": 3.5041020552317304,
        "average_sparsity": 0.9994406356292512
    },
    "exp_attack_l1": {
        "mean_runtime_per_image": 2.8886830945014954,
        "attack_success_rate": 17.599999999999998,
        "attack_success_rate_in_epsilon_l0": 0.0,
        "attack_success_rate_in_epsilon_l1": 17.599999999999998,
        "attack_success_rate_in_epsilon_l1_linf": 17.599999999999998,
        "attack_success_rate_in_epsilon_l2": 0.0,
        "mean_adv_distance_l1": 25.000000314279035,
        "mean_adv_distance_l2": 3.377903554927219,
        "average_sparsity": 0.9993382762373408,
        "average_sparsity_l1_linf": 77.7840909090909
    },
    "exp_attack_l1_linf": {
        "mean_runtime_per_image": 2.2320978996753693,
        "attack_success_rate": 31.6,
        "attack_success_rate_in_epsilon_l0": 0.0,
        "attack_success_rate_in_epsilon_l1": 0.0,
        "attack_success_rate_in_epsilon_l1_linf": 31.6,
        "attack_success_rate_in_epsilon_l2": 0.0,
        "mean_adv_distance_l1": 67.09788138956964,
        "mean_adv_distance_l2": 5.031297444542752,
        "average_sparsity": 0.9976693011065175,
        "average_sparsity_l1_linf": 116.94620253164557
    }
}