{
    "pgd": {
        "mean_runtime_per_image": 5.468091561794281,
        "attack_success_rate": 1.3,
        "attack_success_rate_in_epsilon_l0": 1.0,
        "attack_success_rate_in_epsilon_l1": 1.3,
        "attack_success_rate_in_epsilon_l2": 0.1,
        "mean_adv_distance_l1": 8.073337476987104,
        "mean_adv_distance_l2": 2.0185838295863223,
        "average_sparsity": 0.9999161924385139
    },
    "SLIDE": {
        "mean_runtime_per_image": 5.020762771368027,
        "attack_success_rate": 8.799999999999999,
        "attack_success_rate_in_epsilon_l0": 0.0,
        "attack_success_rate_in_epsilon_l1": 8.799999999999999,
        "attack_success_rate_in_epsilon_l2": 0.0,
        "mean_adv_distance_l1": 49.99999939311635,
        "mean_adv_distance_l2": 1.3799103728749536,
        "average_sparsity": 0.9899964247062456
    },
    "custom_apgd": {
        "mean_runtime_per_image": 3.972210768222809,
        "attack_success_rate": 31.8,
        "attack_success_rate_in_epsilon_l0": 0.0,
        "attack_success_rate_in_epsilon_l1": 31.8,
        "attack_success_rate_in_epsilon_l2": 0.0,
        "mean_adv_distance_l1": 49.99999860847521,
        "mean_adv_distance_l2": 5.001790465049024,
        "average_sparsity": 0.9989414410123324
    },
    "ead_fb": {
        "mean_runtime_per_image": 14.474767331838608,
        "attack_success_rate": 16.400000000000002,
        "attack_success_rate_in_epsilon_l0": 0.0,
        "attack_success_rate_in_epsilon_l1": 16.400000000000002,
        "attack_success_rate_in_epsilon_l2": 4.3999999999999995,
        "mean_adv_distance_l1": 24.960590253879385,
        "mean_adv_distance_l2": 1.2327454911385913,
        "average_sparsity": 0.9827358105971048
    },
    "ead_fb_L1_rule_higher_beta": {
        "mean_runtime_per_image": 12.013310779333114,
        "attack_success_rate": 29.099999999999998,
        "attack_success_rate_in_epsilon_l0": 1.7000000000000002,
        "attack_success_rate_in_epsilon_l1": 29.099999999999998,
        "attack_success_rate_in_epsilon_l2": 1.0,
        "mean_adv_distance_l1": 21.592681679016945,
        "mean_adv_distance_l2": 2.5159351519241775,
        "average_sparsity": 0.9984533251659775
    }
}