{
    "pgd": {
        "mean_runtime_per_image": 5.976482584953308,
        "attack_success_rate": 0.7000000000000001,
        "attack_success_rate_in_epsilon_l0": 0.5,
        "attack_success_rate_in_epsilon_l1": 0.7000000000000001,
        "attack_success_rate_in_epsilon_l2": 0.1,
        "mean_adv_distance_l1": 11.899340425218854,
        "mean_adv_distance_l2": 2.0339269042015076,
        "average_sparsity": 0.9998358160228378
    },
    "SLIDE": {
        "mean_runtime_per_image": 3.596564097881317,
        "attack_success_rate": 16.8,
        "attack_success_rate_in_epsilon_l0": 0.0,
        "attack_success_rate_in_epsilon_l1": 16.8,
        "attack_success_rate_in_epsilon_l2": 0.0,
        "mean_adv_distance_l1": 75.00000622158959,
        "mean_adv_distance_l2": 2.602990747917266,
        "average_sparsity": 0.9899987361946274
    },
    "custom_apgd": {
        "mean_runtime_per_image": 2.5156520974636076,
        "attack_success_rate": 52.300000000000004,
        "attack_success_rate_in_epsilon_l0": 0.0,
        "attack_success_rate_in_epsilon_l1": 52.300000000000004,
        "attack_success_rate_in_epsilon_l2": 0.0,
        "mean_adv_distance_l1": 74.99717691979491,
        "mean_adv_distance_l2": 6.195419969795767,
        "average_sparsity": 0.9983523897728301
    },
    "exp_attack_l1": {
        "mean_runtime_per_image": 15.201012791156769,
        "attack_success_rate": 48.699999999999996,
        "attack_success_rate_in_epsilon_l0": 0.0,
        "attack_success_rate_in_epsilon_l1": 48.699999999999996,
        "attack_success_rate_in_epsilon_l1_linf": 48.699999999999996,
        "attack_success_rate_in_epsilon_l2": 0.0,
        "mean_adv_distance_l1": 74.99999962401341,
        "mean_adv_distance_l2": 6.002949654933608,
        "average_sparsity": 0.9981524718139313,
        "average_sparsity_l1_linf": 211.35318275154003
    },
    "exp_attack_l1_linf": {
        "mean_runtime_per_image": 11.018361206054687,
        "attack_success_rate": 67.7,
        "attack_success_rate_in_epsilon_l0": 0.0,
        "attack_success_rate_in_epsilon_l1": 0.0,
        "attack_success_rate_in_epsilon_l1_linf": 67.7,
        "attack_success_rate_in_epsilon_l2": 0.0,
        "mean_adv_distance_l1": 198.15364976260298,
        "mean_adv_distance_l2": 9.114439693828453,
        "average_sparsity": 0.9940449892106011,
        "average_sparsity_l1_linf": 298.8035450516987
    }
}