{
    "exp_attack_l1": {
        "mean_runtime_per_image": 0.8687982814311981,
        "attack_success_rate": 93.89999999999999,
        "attack_success_rate_in_epsilon_l0": 93.89999999999999,
        "attack_success_rate_in_epsilon_l1": 93.89999999999999,
        "attack_success_rate_in_epsilon_l2": 32.9,
        "mean_adv_distance_l1": 3.9999999860351205,
        "mean_adv_distance_l2": 0.6007652567407955,
        "average_sparsity": 113.6751863684771
    },
    "exp_attack_l1_linf": {
        "mean_runtime_per_image": 0.7880556285381317,
        "attack_success_rate": 99.5,
        "attack_success_rate_in_epsilon_l0": 99.5,
        "attack_success_rate_in_epsilon_l1": 0.0,
        "attack_success_rate_in_epsilon_l2": 1.2,
        "mean_adv_distance_l1": 10.544673647473205,
        "mean_adv_distance_l2": 0.797978171451607,
        "average_sparsity": 193.03417085427137
    }
}