{
    "exp_attack_l1": {
        "mean_runtime_per_image": 1.2405992228984832,
        "attack_success_rate": 4.3999999999999995,
        "attack_success_rate_in_epsilon_l0": 4.3999999999999995,
        "attack_success_rate_in_epsilon_l1": 4.3999999999999995,
        "attack_success_rate_in_epsilon_l2": 4.0,
        "mean_adv_distance_l1": 1.9999999566511675,
        "mean_adv_distance_l2": 0.4746124663136222,
        "average_sparsity": 19.613636363636363
    },
    "exp_attack_l1_linf": {
        "mean_runtime_per_image": 1.006076600074768,
        "attack_success_rate": 12.6,
        "attack_success_rate_in_epsilon_l0": 12.6,
        "attack_success_rate_in_epsilon_l1": 0.0,
        "attack_success_rate_in_epsilon_l2": 0.0,
        "mean_adv_distance_l1": 5.8803773039863225,
        "mean_adv_distance_l2": 0.9605105263846261,
        "average_sparsity": 21.23015873015873
    }
}