{
    "pointwise_blackbox": {
        "mean_runtime_per_image": 16.88090240216255,
        "attack_success_rate": 9.6,
        "attack_success_rate_in_epsilon_l0": 9.6,
        "attack_success_rate_in_epsilon_l1": 9.6,
        "attack_success_rate_in_epsilon_l2": 0.7000000000000001,
        "mean_adv_distance_l1": 4.802530784780781,
        "mean_adv_distance_l2": 1.6665263815472524,
        "average_sparsity": 7.791666666666667
    },
    "square_l1_blackbox": {
        "mean_runtime_per_image": 4.1213467812538145,
        "attack_success_rate": 18.9,
        "attack_success_rate_in_epsilon_l0": 18.9,
        "attack_success_rate_in_epsilon_l1": 18.9,
        "attack_success_rate_in_epsilon_l2": 0.0,
        "mean_adv_distance_l1": 11.999987899941742,
        "mean_adv_distance_l2": 2.470576552486924,
        "average_sparsity": 46.17989417989418
    },
    "sparse_rs_custom_L1_blackbox": {
        "mean_runtime_per_image": 6.148911228656769,
        "attack_success_rate": 16.6,
        "attack_success_rate_in_epsilon_l0": 16.6,
        "attack_success_rate_in_epsilon_l1": 16.6,
        "attack_success_rate_in_epsilon_l2": 0.0,
        "mean_adv_distance_l1": 10.986345355769238,
        "mean_adv_distance_l2": 2.575063706162464,
        "average_sparsity": 7.367469879518072
    },
    "geoda_blackbox": {
        "mean_runtime_per_image": 3.4152211480140684,
        "attack_success_rate": 65.8,
        "attack_success_rate_in_epsilon_l0": 11.1,
        "attack_success_rate_in_epsilon_l1": 2.1999999999999997,
        "attack_success_rate_in_epsilon_l2": 6.0,
        "mean_adv_distance_l1": 133.12778596675142,
        "mean_adv_distance_l2": 2.9089312498205793,
        "average_sparsity": 1022.6854103343466
    }
}