{
    "pointwise_blackbox": {
        "mean_runtime_per_image": 15.083545728445053,
        "attack_success_rate": 14.7,
        "attack_success_rate_in_epsilon_l0": 14.7,
        "attack_success_rate_in_epsilon_l1": 14.7,
        "attack_success_rate_in_epsilon_l2": 1.0999999999999999,
        "mean_adv_distance_l1": 10.676115878078402,
        "mean_adv_distance_l2": 2.4321468447138663,
        "average_sparsity": 17.25170068027211
    },
    "square_l1_blackbox": {
        "mean_runtime_per_image": 4.14303358745575,
        "attack_success_rate": 39.1,
        "attack_success_rate_in_epsilon_l0": 39.1,
        "attack_success_rate_in_epsilon_l1": 39.1,
        "attack_success_rate_in_epsilon_l2": 0.0,
        "mean_adv_distance_l1": 24.999975794721443,
        "mean_adv_distance_l2": 3.43670238680242,
        "average_sparsity": 71.60613810741688
    },
    "sparse_rs_custom_L1_blackbox": {
        "mean_runtime_per_image": 5.040278934955597,
        "attack_success_rate": 36.0,
        "attack_success_rate_in_epsilon_l0": 36.0,
        "attack_success_rate_in_epsilon_l1": 36.0,
        "attack_success_rate_in_epsilon_l2": 0.0,
        "mean_adv_distance_l1": 23.682973912027148,
        "mean_adv_distance_l2": 3.8685479207171336,
        "average_sparsity": 15.01388888888889
    },
    "geoda_blackbox": {
        "mean_runtime_per_image": 3.376132764339447,
        "attack_success_rate": 66.3,
        "attack_success_rate_in_epsilon_l0": 16.7,
        "attack_success_rate_in_epsilon_l1": 7.9,
        "attack_success_rate_in_epsilon_l2": 8.0,
        "mean_adv_distance_l1": 102.29941318329104,
        "mean_adv_distance_l2": 2.2269626194021215,
        "average_sparsity": 1022.4343891402715
    }
}