{
    "pointwise_blackbox": {
        "mean_runtime_per_image": 9.776360397338868,
        "attack_success_rate": 84.2,
        "attack_success_rate_in_epsilon_l0": 84.2,
        "attack_success_rate_in_epsilon_l1": 84.2,
        "attack_success_rate_in_epsilon_l2": 13.5,
        "mean_adv_distance_l1": 3.8546774298341995,
        "mean_adv_distance_l2": 1.3868344323510513,
        "average_sparsity": 7.080760095011876
    },
    "square_l1_blackbox": {
        "mean_runtime_per_image": 4.035190788269043,
        "attack_success_rate": 97.1,
        "attack_success_rate_in_epsilon_l0": 97.1,
        "attack_success_rate_in_epsilon_l1": 97.1,
        "attack_success_rate_in_epsilon_l2": 0.0,
        "mean_adv_distance_l1": 11.999988215099771,
        "mean_adv_distance_l2": 2.3706117917531304,
        "average_sparsity": 52.333676622039135
    },
    "sparse_rs_custom_L1_blackbox": {
        "mean_runtime_per_image": 2.7540799851417543,
        "attack_success_rate": 90.0,
        "attack_success_rate_in_epsilon_l0": 90.0,
        "attack_success_rate_in_epsilon_l1": 90.0,
        "attack_success_rate_in_epsilon_l2": 0.0,
        "mean_adv_distance_l1": 10.683255007796816,
        "mean_adv_distance_l2": 2.542778033150567,
        "average_sparsity": 7.363333333333333
    },
    "geoda_blackbox": {
        "mean_runtime_per_image": 5.428072228908539,
        "attack_success_rate": 69.1,
        "attack_success_rate_in_epsilon_l0": 39.300000000000004,
        "attack_success_rate_in_epsilon_l1": 6.4,
        "attack_success_rate_in_epsilon_l2": 17.1,
        "mean_adv_distance_l1": 49.25666039325998,
        "mean_adv_distance_l2": 1.0822285432813288,
        "average_sparsity": 1023.3444283646888
    }
}