{
    "pointwise_blackbox+hopskipjump": {
        "adversarial_distance_l1": [
            2.5279250144958496,
            8.421146392822266,
            5.8921942710876465,
            1.827797293663025,
            4.0032148361206055,
            4.8435540199279785,
            0.005001679062843323,
            7.853919506072998,
            0.9484288096427917,
            2.424246311187744
        ],
        "adversarial_distance_l2": [
            0.18780824542045593,
            0.6010407209396362,
            0.3516620993614197,
            0.1763060986995697,
            0.23783692717552185,
            0.3587196469306946,
            0.0005738628678955138,
            0.4657494127750397,
            0.09558897465467453,
            0.15627051889896393
        ],
        "runtime": [
            104.54809212684631,
            62.87585973739624,
            116.25113534927368,
            56.43899130821228,
            139.0972011089325,
            73.24965739250183,
            269.8657717704773,
            152.78371787071228,
            65.88086438179016,
            104.04808568954468
        ],
        "attack_success_rate": 100.0,
        "attack_success_rate_in_epsilon_l1": 100.0,
        "attack_success_rate_in_epsilon_l2": 90.0,
        "mean_adv_distance_l1": 3.874742813408375,
        "mean_adv_distance_l2": 0.2631556507723872
    },
    "pointwise_blackbox": {
        "adversarial_distance_l1": [
            10.07750415802002,
            4.1559062004089355,
            2.224444627761841,
            4.864238739013672,
            8.65768814086914,
            0.04683804512023926,
            6.296940803527832,
            0.854446291923523,
            3.446096181869507
        ],
        "adversarial_distance_l2": [
            2.3424594402313232,
            1.3418190479278564,
            1.1993128061294556,
            1.5176217555999756,
            2.2060115337371826,
            0.04683804512023926,
            2.133537769317627,
            0.6071593761444092,
            1.3233425617218018
        ],
        "runtime": [
            5.967768669128418,
            7.97075080871582,
            7.683716058731079,
            5.735743999481201,
            6.5057313442230225,
            8.810073614120483,
            5.370615482330322,
            6.323695421218872,
            5.408348083496094,
            6.55088472366333
        ],
        "attack_success_rate": 90.0,
        "attack_success_rate_in_epsilon_l1": 90.0,
        "attack_success_rate_in_epsilon_l2": 10.0,
        "mean_adv_distance_l1": 4.513789243168301,
        "mean_adv_distance_l2": 1.4131224817699857
    },
    "pointwise_blackbox+boundary": {
        "adversarial_distance_l1": [
            4.141292572021484,
            8.814624786376953,
            5.196276664733887,
            0.9195064306259155,
            4.086013317108154,
            5.686800956726074,
            0.03375092148780823,
            6.7935309410095215,
            0.6000299453735352,
            1.837109088897705
        ],
        "adversarial_distance_l2": [
            0.4167269468307495,
            0.8752859234809875,
            0.5662980079650879,
            0.39740628004074097,
            0.37696370482444763,
            0.8199871182441711,
            0.03375092148780823,
            0.8525816798210144,
            0.2582146227359772,
            0.2690720856189728
        ],
        "runtime": [
            60.05935788154602,
            38.825494050979614,
            54.700666427612305,
            22.87356972694397,
            59.72341299057007,
            47.536577463150024,
            22.782798290252686,
            46.18644905090332,
            22.827415466308594,
            33.88286995887756
        ],
        "attack_success_rate": 100.0,
        "attack_success_rate_in_epsilon_l1": 100.0,
        "attack_success_rate_in_epsilon_l2": 60.0,
        "mean_adv_distance_l1": 3.810893562436104,
        "mean_adv_distance_l2": 0.4866287291049957
    },
    "sparse_rs_blackbox": {
        "adversarial_distance_l1": [
            52.000003814697266,
            63.792137145996094,
            52.85490036010742,
            65.83139038085938,
            55.0901985168457,
            68.39610290527344,
            31.54509735107422,
            50.48234558105469,
            74.72940063476562,
            68.17648315429688
        ],
        "adversarial_distance_l2": [
            5.712076663970947,
            6.095466136932373,
            5.688167095184326,
            6.179253578186035,
            5.416823387145996,
            6.55709171295166,
            4.674082279205322,
            5.435762405395508,
            6.314400672912598,
            6.486399173736572
        ],
        "runtime": [
            0.09001493453979492,
            0.1159975528717041,
            0.03290271759033203,
            0.16404080390930176,
            0.03722715377807617,
            0.05904698371887207,
            0.03126716613769531,
            0.03835558891296387,
            0.001001119613647461,
            0.006096363067626953
        ],
        "attack_success_rate": 100.0,
        "attack_success_rate_in_epsilon_l1": 100.0,
        "attack_success_rate_in_epsilon_l2": 0.0,
        "mean_adv_distance_l1": 58.28980598449707,
        "mean_adv_distance_l2": 5.855952310562134
    }
}