{
    "original_AutoAttack_apgd_only": {
        "adversarial_distance_l1": [
            5.999999046325684,
            5.999996662139893,
            6.000006198883057,
            5.999999046325684,
            5.999997138977051,
            6.00000524520874,
            5.999993324279785,
            6.000001430511475,
            6.000001907348633,
            6.000016212463379
        ],
        "adversarial_distance_l2": [
            0.6682101488113403,
            0.823061466217041,
            0.6282612085342407,
            0.9635395407676697,
            0.5648367404937744,
            0.7262388467788696,
            0.6791297793388367,
            0.8314093351364136,
            0.7729442715644836,
            0.49079641699790955
        ],
        "runtime": [
            8.836640357971191,
            9.131294012069702,
            9.841695070266724,
            9.704399824142456,
            9.33132553100586,
            9.30310869216919,
            9.32238507270813,
            9.152313709259033,
            8.891162872314453,
            9.125810146331787
        ],
        "attack_success_rate": 100.0,
        "attack_success_rate_in_epsilon_l1": 100.0,
        "attack_success_rate_in_epsilon_l2": 10.0,
        "mean_adv_distance_l1": 6.000001621246338,
        "mean_adv_distance_l2": 0.714842775464058,
        "average_sparsity": 0.86826171875
    }
}