{
    "pointwise_blackbox+boundary": {
        "adversarial_distance_l1": [
            4.940387725830078,
            2.23797607421875,
            3.0503268241882324
        ],
        "adversarial_distance_l2": [
            0.5219800472259521,
            0.5234860181808472,
            0.45112666487693787
        ],
        "runtime": [
            153.63104677200317
        ],
        "attack_success_rate": 30.0,
        "attack_success_rate_in_epsilon_l1": 30.0,
        "attack_success_rate_in_epsilon_l2": 10.0,
        "mean_adv_distance_l1": 3.4095635414123535,
        "mean_adv_distance_l2": 0.4988642434279124,
        "average_sparsity": 0.9802517361111112
    },
    "pointwise_blackbox+hopskipjump": {
        "adversarial_distance_l1": [
            11.184904098510742,
            5.825088977813721,
            8.201467514038086,
            11.811267852783203,
            2.1127238273620605,
            2.4017555713653564
        ],
        "adversarial_distance_l2": [
            0.9770774245262146,
            0.48714151978492737,
            1.0939326286315918,
            1.2136332988739014,
            0.33046218752861023,
            0.33291029930114746
        ],
        "runtime": [
            135.91950368881226
        ],
        "attack_success_rate": 60.0,
        "attack_success_rate_in_epsilon_l1": 60.0,
        "attack_success_rate_in_epsilon_l2": 30.0,
        "mean_adv_distance_l1": 6.922867973645528,
        "mean_adv_distance_l2": 0.7391928931077322,
        "average_sparsity": 0.966796875
    }
}