{
    "projected_gradient_descent": {
        "adversarial_distance_l1": [
            9.984315872192383,
            9.999999046325684,
            9.982352256774902,
            10.000001907348633,
            6.4823503494262695,
            9.974510192871094,
            9.94705867767334,
            9.999999046325684,
            9.30392074584961
        ],
        "adversarial_distance_l2": [
            1.0473746061325073,
            1.0862780809402466,
            1.263285517692566,
            1.0099505186080933,
            0.905614972114563,
            1.0656226873397827,
            1.1272190809249878,
            1.1135529279708862,
            0.9773935675621033
        ],
        "runtime": [
            1.286898136138916
        ],
        "attack_success_rate": 90.0,
        "attack_success_rate_in_epsilon_l1": 90.0,
        "attack_success_rate_in_epsilon_l2": 0.0,
        "mean_adv_distance_l1": 9.519389788309732,
        "mean_adv_distance_l2": 1.0662546621428595
    },
    "carlini_wagner_l2": {
        "adversarial_distance_l1": [
            13.219717025756836,
            26.36593246459961,
            9.359430313110352,
            8.321531295776367,
            4.098040580749512,
            11.763618469238281,
            5.360086917877197,
            9.679293632507324,
            2.641822338104248
        ],
        "adversarial_distance_l2": [
            0.35094091296195984,
            0.6818729043006897,
            0.2616828680038452,
            0.265480637550354,
            0.10866247862577438,
            0.31777524948120117,
            0.16639122366905212,
            0.25183311104774475,
            0.08648668229579926
        ],
        "runtime": [
            426.62579345703125
        ],
        "attack_success_rate": 90.0,
        "attack_success_rate_in_epsilon_l1": 70.0,
        "attack_success_rate_in_epsilon_l2": 80.0,
        "mean_adv_distance_l1": 10.089941448635525,
        "mean_adv_distance_l2": 0.2767917853262689
    },
    "custom_apgd": {
        "adversarial_distance_l1": [
            12.000000953674316,
            11.999992370605469,
            11.999999046325684,
            12.000003814697266,
            12.000008583068848,
            12.000008583068848,
            12.000000953674316,
            11.999994277954102,
            12.000005722045898,
            11.999980926513672
        ],
        "adversarial_distance_l2": [
            0.9427891969680786,
            0.9574979543685913,
            0.7367978692054749,
            1.1402003765106201,
            0.741583526134491,
            0.9252384305000305,
            0.9379640221595764,
            0.9357982873916626,
            0.9196750521659851,
            0.8156532049179077
        ],
        "runtime": [
            16.672438383102417
        ],
        "attack_success_rate": 100.0,
        "attack_success_rate_in_epsilon_l1": 100.0,
        "attack_success_rate_in_epsilon_l2": 0.0,
        "mean_adv_distance_l1": 11.999999523162842,
        "mean_adv_distance_l2": 0.9053197920322418
    },
    "exp_attack": {
        "adversarial_distance_l1": [
            9.313207626342773,
            20.805707931518555,
            7.510067939758301,
            5.721978664398193,
            3.409593105316162,
            6.047792434692383,
            4.444581985473633,
            7.855462074279785,
            1.846513032913208
        ],
        "adversarial_distance_l2": [
            0.26500117778778076,
            0.5960196256637573,
            0.2132062166929245,
            0.223611518740654,
            0.1052984669804573,
            0.2051662802696228,
            0.14803200960159302,
            0.21702353656291962,
            0.08416993916034698
        ],
        "runtime": [
            293.48932123184204
        ],
        "attack_success_rate": 90.0,
        "attack_success_rate_in_epsilon_l1": 80.0,
        "attack_success_rate_in_epsilon_l2": 80.0,
        "mean_adv_distance_l1": 7.439433866077,
        "mean_adv_distance_l2": 0.22861430794000626
    },
    "elastic_net": {
        "adversarial_distance_l1": [
            6.772301197052002,
            22.32159996032715,
            6.631855487823486,
            3.8820385932922363,
            3.3770668506622314,
            5.183973789215088,
            3.345653772354126,
            6.5756916999816895,
            1.5678761005401611,
            1.0763702392578125
        ],
        "adversarial_distance_l2": [
            0.42350897192955017,
            0.7280904650688171,
            0.3073584735393524,
            0.2954833209514618,
            0.18322041630744934,
            0.3259892165660858,
            0.2568199038505554,
            0.29544973373413086,
            0.09559661895036697,
            0.09018269181251526
        ],
        "runtime": [
            281.3948612213135
        ],
        "attack_success_rate": 100.0,
        "attack_success_rate_in_epsilon_l1": 90.0,
        "attack_success_rate_in_epsilon_l2": 90.0,
        "mean_adv_distance_l1": 6.073442769050598,
        "mean_adv_distance_l2": 0.3001699812710285
    },
    "brendel_bethge": {
        "adversarial_distance_l1": [
            4.4579620361328125,
            9.24914264678955,
            3.2491812705993652,
            1.8138881921768188,
            1.3185434341430664,
            1.6775174140930176,
            1.848252773284912,
            2.865830421447754,
            0.765373706817627,
            0.6310969591140747
        ],
        "adversarial_distance_l2": [
            0.5523146390914917,
            0.9241955280303955,
            0.3528304100036621,
            0.44682466983795166,
            0.2494897097349167,
            0.46178776025772095,
            0.3586164116859436,
            0.4963267743587494,
            0.21459810435771942,
            0.18255984783172607
        ],
        "runtime": [
            92.11072897911072
        ],
        "attack_success_rate": 100.0,
        "attack_success_rate_in_epsilon_l1": 100.0,
        "attack_success_rate_in_epsilon_l2": 80.0,
        "mean_adv_distance_l1": 2.7876788854598997,
        "mean_adv_distance_l2": 0.4239543855190277
    },
    "pointwise_blackbox": {
        "adversarial_distance_l1": [
            8.601861000061035,
            9.62701416015625,
            5.533224105834961,
            3.225893974304199
        ],
        "adversarial_distance_l2": [
            2.15804123878479,
            2.2437520027160645,
            1.8662375211715698,
            1.1617010831832886
        ],
        "runtime": [
            114.21747469902039
        ],
        "attack_success_rate": 40.0,
        "attack_success_rate_in_epsilon_l1": 40.0,
        "attack_success_rate_in_epsilon_l2": 0.0,
        "mean_adv_distance_l1": 6.746998310089111,
        "mean_adv_distance_l2": 1.8574329614639282
    },
    "pointwise_blackbox+boundary": {
        "adversarial_distance_l1": [
            8.403770446777344,
            5.226866245269775,
            1.5545448064804077,
            3.2030282020568848
        ],
        "adversarial_distance_l2": [
            0.6781789660453796,
            0.6188005805015564,
            0.45433786511421204,
            0.4063706696033478
        ],
        "runtime": [
            140.00929021835327
        ],
        "attack_success_rate": 40.0,
        "attack_success_rate_in_epsilon_l1": 40.0,
        "attack_success_rate_in_epsilon_l2": 20.0,
        "mean_adv_distance_l1": 4.597052425146103,
        "mean_adv_distance_l2": 0.539422020316124
    },
    "pointwise_blackbox+hopskipjump": {
        "adversarial_distance_l1": [
            4.541992664337158,
            11.982687950134277,
            5.804226875305176,
            3.315732479095459,
            3.2399163246154785
        ],