{
    "elastic_net": {
        "adversarial_distance_l1": [
            false,
            48.495147705078125,
            49.82801055908203,
            14.567639350891113,
            false,
            22.417787551879883,
            26.346092224121094,
            54.01225662231445,
            7.347702980041504,
            false,
            68.77852630615234,
            21.590988159179688,
            35.94378662109375,
            9.569388389587402,
            false,
            false,
            19.4680118560791,
            56.211578369140625,
            17.979101181030273,
            69.29808044433594
        ],
        "adversarial_distance_l2": [
            false,
            1.4901589155197144,
            1.2180912494659424,
            0.4246898889541626,
            false,
            0.5980687141418457,
            0.6996594667434692,
            1.3687167167663574,
            0.18838618695735931,
            false,
            2.5030298233032227,
            0.671292245388031,
            1.002341628074646,
            0.3326479494571686,
            false,
            false,
            0.5899785757064819,
            1.568668246269226,
            0.576347827911377,
            1.9434678554534912
        ],
        "runtime": [
            false,
            20.733210563659668,
            20.513985633850098,
            20.794463634490967,
            false,
            20.594150066375732,
            20.60338282585144,
            20.64016628265381,
            20.640268325805664,
            false,
            20.66359305381775,
            20.702232122421265,
            20.661943912506104,
            20.679750680923462,
            false,
            false,
            20.648473262786865,
            20.610130786895752,
            20.65614938735962,
            21.244231939315796
        ],
        "adversarial_accuracy_l1": 65.0,
        "adversarial_accuracy_l2": 60.0,
        "attack_success_rate": 100.0,
        "attack_success_rate_in_epsilon_l1": 13.333333333333334,
        "attack_success_rate_in_epsilon_l2": 20.0,
        "mean_adv_distance_l1": 34.79027322133382,
        "mean_adv_distance_l2": 1.011703019340833
    },
    "exp_attack_l1": {
        "adversarial_distance_l1": [
            false,
            0.0,
            0.0,
            11.250410079956055,
            false,
            0.0,
            0.0,
            0.0,
            7.311140060424805,
            false,
            0.0,
            0.0,
            0.0,
            11.954404830932617,
            false,
            false,
            11.99998664855957,
            0.0,
            12.003910064697266,
            0.0
        ],
        "adversarial_distance_l2": [
            false,
            0.0,
            0.0,
            0.9425449967384338,
            false,
            0.0,
            0.0,
            0.0,
            0.35491448640823364,
            false,
            0.0,
            0.0,
            0.0,
            0.5435829758644104,
            false,
            false,
            1.4723955392837524,
            0.0,
            1.0304460525512695,
            0.0
        ],
        "runtime": [
            false,
            2.363762378692627,
            2.353679895401001,
            2.362189531326294,
            false,
            2.351066827774048,
            2.359488010406494,
            2.3602535724639893,
            2.3410234451293945,
            false,
            2.359748601913452,
            2.38434100151062,
            2.3747475147247314,
            2.3396871089935303,
            false,
            false,
            2.332515001296997,
            2.3437139987945557,
            2.339625597000122,
            2.3595616817474365
        ],
        "adversarial_accuracy_l1": 50.0,
        "adversarial_accuracy_l2": 70.0,
        "attack_success_rate": 33.33333333333333,
        "attack_success_rate_in_epsilon_l1": 26.666666666666668,
        "attack_success_rate_in_epsilon_l2": 6.666666666666667,
        "mean_adv_distance_l1": 3.634656778971354,
        "mean_adv_distance_l2": 0.28959227005640664
    }
}