{
    "sparse_rs_blackbox": {
        "adversarial_distance_l1": [
            11.72156810760498,
            11.431370735168457,
            11.556861877441406,
            11.062744140625,
            11.929411888122559,
            11.160784721374512
        ],
        "adversarial_distance_l2": [
            2.663813352584839,
            2.726381778717041,
            2.3840718269348145,
            2.4387900829315186,
            2.599565267562866,
            2.7863399982452393
        ],
        "runtime": [
            3.353132963180542,
            30.37989830970764,
            30.348204135894775,
            3.6641876697540283,
            5.069642066955566,
            31.33971118927002,
            29.349956512451172,
            30.66858172416687,
            1.0720913410186768,
            0.5327470302581787
        ],
        "adversarial_accuracy_l1": 40.0,
        "adversarial_accuracy_l2": 100.0,
        "attack_success_rate": 60.0,
        "attack_success_rate_in_epsilon_l1": 60.0,
        "attack_success_rate_in_epsilon_l2": 0.0,
        "mean_adv_distance_l1": 11.477123578389486,
        "mean_adv_distance_l2": 2.5998270511627197
    }
}