{
    "exp_attack_l1_blackbox": {
        "adversarial_distance_l1": [
            11.983855247497559,
            11.963759422302246,
            11.96472454071045,
            11.988859176635742,
            11.978669166564941,
            11.994988441467285,
            10.805462837219238,
            11.619292259216309,
            9.12271499633789,
            11.992842674255371,
            11.994240760803223,
            10.788164138793945,
            11.998312950134277,
            11.988700866699219,
            11.970005989074707,
            11.997121810913086
        ],
        "adversarial_distance_l2": [
            0.4532575309276581,
            0.5362089276313782,
            0.4812479019165039,
            0.459636926651001,
            0.45539960265159607,
            0.4536699056625366,
            1.165073275566101,
            1.0721575021743774,
            1.2375308275222778,
            0.4371340870857239,
            0.41283664107322693,
            1.2415052652359009,
            0.5215884447097778,
            0.46512728929519653,
            0.4780750274658203,
            0.48119837045669556
        ],
        "runtime": [
            567.7065849304199,
            778.1909017562866,
            972.5338215827942,
            590.9355797767639,
            557.978716135025,
            560.7861840724945,
            560.5445408821106,
            562.601007938385,
            559.4576513767242,
            562.0415222644806,
            560.7019591331482,
            560.9075064659119,
            560.8433339595795,
            561.5863108634949,
            560.6548335552216,
            560.1785678863525,
            560.7490861415863,
            559.544882774353,
            551.263863325119,
            557.480391740799
        ],
        "attack_success_rate": 80.0,
        "attack_success_rate_in_epsilon_l1": 80.0,
        "attack_success_rate_in_epsilon_l2": 50.0,
        "mean_adv_distance_l1": 11.634482204914093,
        "mean_adv_distance_l2": 0.6469779703766108,
        "average_sparsity": 0.5618489583333334
    },
    "pointwise_blackbox": {
        "adversarial_distance_l1": [
            10.475147247314453,
            2.5997023582458496,
            6.922519683837891,
            1.3935350179672241,
            8.364638328552246
        ],
        "adversarial_distance_l2": [
            2.268813133239746,
            1.1855515241622925,
            1.9266217947006226,
            0.8230437636375427,
            2.25483775138855
        ],
        "runtime": [
            76.52849698066711,
            257.14376997947693,
            138.23056650161743,
            75.38746237754822,
            90.03340721130371,
            111.40523743629456,
            114.82432961463928,
            85.42615580558777,
            42.883028984069824,
            53.33281850814819,
            859.6869885921478,
            38.15946865081787,
            140.5036118030548,
            153.5422842502594,
            59.57641887664795,
            223.79208540916443,
            243.89353489875793,
            228.92473363876343,
            86.59225749969482,
            122.49272108078003
        ],
        "attack_success_rate": 25.0,
        "attack_success_rate_in_epsilon_l1": 25.0,
        "attack_success_rate_in_epsilon_l2": 0.0,
        "mean_adv_distance_l1": 5.951108527183533,
        "mean_adv_distance_l2": 1.6917735934257507,
        "average_sparsity": 0.9955729166666666
    },
    "sparse_rs_blackbox": {
        "adversarial_distance_l1": [
            11.72156810760498,
            11.431370735168457,
            11.556861877441406,
            11.062744140625,
            11.929411888122559,
            11.160784721374512,
            11.980390548706055,
            11.21568775177002
        ],
        "adversarial_distance_l2": [
            2.663813352584839,
            2.726381778717041,
            2.3840718269348145,
            2.4387900829315186,
            2.599565267562866,
            2.7863399982452393,
            2.6013424396514893,
            2.719109535217285
        ],
        "runtime": [
            18.578402280807495,
            169.30820655822754,
            170.24569940567017,
            19.47378182411194,
            28.24109649658203,
            169.6621470451355,
            162.04389071464539,
            169.58795189857483,
            6.000955820083618,
            2.9779176712036133,
            169.19791436195374,
            0.4020671844482422,
            168.59330558776855,
            170.15044784545898,
            9.303739070892334,
            170.61167407035828,
            168.81990885734558,
            168.33261156082153,
            170.1183602809906,
            168.83394598960876
        ],
        "attack_success_rate": 40.0,
        "attack_success_rate_in_epsilon_l1": 40.0,
        "attack_success_rate_in_epsilon_l2": 0.0,
        "mean_adv_distance_l1": 11.507352471351624,
        "mean_adv_distance_l2": 2.6149267852306366,
        "average_sparsity": 0.9921875
    }
}