{
    "pointwise_blackbox+hopskipjump": {
        "adversarial_distance_l1": [
            4.206963062286377,
            13.247164726257324,
            5.274174690246582,
            2.04209303855896,
            3.615017890930176,
            4.827873706817627,
            0.003091484308242798,
            6.970882892608643,
            0.928240180015564,
            2.3213791847229004
        ],
        "adversarial_distance_l2": [
            0.2483677864074707,
            0.6676427125930786,
            0.2778143286705017,
            0.16120578348636627,
            0.19611208140850067,
            0.29483798146247864,
            0.000494600273668766,
            0.38743260502815247,
            0.07677587866783142,
            0.1329997479915619
        ],
        "runtime": [
            162.7136082649231,
            111.6769540309906,
            176.5502951145172,
            101.96483445167542,
            98.50144982337952,
            183.58732295036316,
            55.086782932281494,
            93.39400863647461,
            67.54609274864197,
            110.99142932891846
        ],
        "attack_success_rate": 100.0,
        "attack_success_rate_in_epsilon_l1": 100.0,
        "attack_success_rate_in_epsilon_l2": 90.0,
        "mean_adv_distance_l1": 4.34368808567524,
        "mean_adv_distance_l2": 0.24436835059896111
    },
    "pointwise_blackbox": {
        "adversarial_distance_l1": [
            4.705349922180176,
            10.913775444030762,
            4.197464942932129,
            2.740724563598633,
            3.2784080505371094,
            5.175869464874268,
            0.023183632642030716,
            6.293837070465088,
            0.9389951229095459,
            2.7739429473876953
        ],
        "adversarial_distance_l2": [
            1.772817611694336,
            2.622036933898926,
            1.4203778505325317,
            1.373509168624878,
            1.473289132118225,
            1.8873802423477173,
            0.023183632642030716,
            1.8963252305984497,
            0.6639897227287292,
            1.237282633781433
        ],
        "runtime": [
            6.029628753662109,
            8.99802279472351,
            6.709614276885986,
            5.612923622131348,
            5.883315801620483,
            6.380744934082031,
            5.392654895782471,
            7.728654146194458,
            5.676977634429932,
            6.015568017959595
        ],
        "attack_success_rate": 100.0,
        "attack_success_rate_in_epsilon_l1": 100.0,
        "attack_success_rate_in_epsilon_l2": 10.0,
        "mean_adv_distance_l1": 4.104155116155743,
        "mean_adv_distance_l2": 1.4370192158967257
    },
    "pointwise_blackbox+boundary": {
        "adversarial_distance_l1": [
            4.403819561004639,
            13.553084373474121,
            6.55853271484375,
            1.6257319450378418,
            4.092501163482666,
            5.5715155601501465,
            0.0037310421466827393,
            6.143750190734863,
            0.8416460752487183,
            2.0046024322509766
        ],
        "adversarial_distance_l2": [
            0.3219473958015442,
            0.9007467031478882,
            0.40415430068969727,
            0.2144698202610016,
            0.2856365740299225,
            0.5329841375350952,
            0.0037310421466827393,
            0.47820618748664856,
            0.08357606083154678,
            0.1680077612400055
        ],
        "runtime": [
            68.74860334396362,
            90.97325348854065,
            118.0493733882904,
            46.325546741485596,
            169.48218536376953,
            58.91222262382507,
            31.444599390029907,
            93.2627739906311,
            57.73134469985962,
            92.1159610748291
        ],
        "attack_success_rate": 100.0,
        "attack_success_rate_in_epsilon_l1": 100.0,
        "attack_success_rate_in_epsilon_l2": 80.0,
        "mean_adv_distance_l1": 4.479891505837441,
        "mean_adv_distance_l2": 0.33934599831700324
    },
    "sparse_rs_blackbox": {
        "adversarial_distance_l1": [
            52.000003814697266,
            63.792137145996094,
            52.85490036010742,
            65.83139038085938,
            55.0901985168457,
            68.39610290527344,
            31.54509735107422,
            50.48234558105469,
            74.72940063476562,
            68.17648315429688
        ],
        "adversarial_distance_l2": [
            5.712076663970947,
            6.095466136932373,
            5.688167095184326,
            6.179253578186035,
            5.416823387145996,
            6.55709171295166,
            4.674082279205322,
            5.435762405395508,
            6.314400672912598,
            6.486399173736572
        ],
        "runtime": [
            0.11341333389282227,
            0.12556695938110352,
            0.040602922439575195,
            0.15369009971618652,
            0.03699994087219238,
            0.0568387508392334,
            0.04201817512512207,
            0.038045644760131836,
            0.016051054000854492,
            0.016047239303588867
        ],
        "attack_success_rate": 100.0,
        "attack_success_rate_in_epsilon_l1": 100.0,
        "attack_success_rate_in_epsilon_l2": 0.0,
        "mean_adv_distance_l1": 58.28980598449707,
        "mean_adv_distance_l2": 5.855952310562134
    }
}