{
    "elastic_net": {
        "adversarial_distance": [
            21.737228393554688,
            10.495797157287598,
            9.628031730651855,
            7.833712577819824,
            2.57647442817688,
            18.389833450317383,
            12.367565155029297,
            15.00859260559082,
            3.2536351680755615,
            5.9212188720703125,
            49.603736877441406,
            4.26648473739624,
            26.51555824279785,
            0.4345867335796356,
            1.274479866027832,
            15.039251327514648,
            9.486085891723633,
            37.2079963684082,
            10.530104637145996,
            45.211647033691406
        ],
        "runtime": [
            5.844478607177734,
            5.7679948806762695,
            5.75128173828125,
            5.758700370788574,
            5.746990442276001,
            5.765212535858154,
            5.785576105117798,
            5.757065296173096,
            5.779265880584717,
            5.777001619338989,
            5.778865814208984,
            5.831165552139282,
            5.7949676513671875,
            5.810073137283325,
            5.871474742889404,
            5.879039287567139,
            5.807965278625488,
            5.844432353973389,
            5.8096723556518555,
            5.822890758514404
        ],
        "adversarial_accuracy": 45.0,
        "attack_success_rate": 100.0,
        "attack_success_rate_in_epsilon": 55.00000000000001
    },
    "exp_attack": {
        "adversarial_distance": [
            23.954071044921875,
            11.471284866333008,
            13.456500053405762,
            6.644934177398682,
            1.5112314224243164,
            19.017871856689453,
            16.36130142211914,
            16.679058074951172,
            3.4222872257232666,
            5.45729398727417,
            56.06430435180664,
            5.320119380950928,
            25.470787048339844,
            0.5486354827880859,
            1.6040762662887573,
            15.342450141906738,
            7.507213115692139,
            28.943992614746094,
            9.07068920135498,
            37.28705596923828
        ],
        "runtime": [
            6.050693035125732,
            6.059689283370972,
            6.0483238697052,
            6.074038743972778,
            6.075684309005737,
            6.063518762588501,
            6.059038877487183,
            6.0778279304504395,
            6.064691781997681,
            6.074562311172485,
            6.0637593269348145,
            6.094309329986572,
            6.075653553009033,
            6.087972402572632,
            6.080468416213989,
            6.065396547317505,
            6.089608907699585,
            6.108630418777466,
            6.0882322788238525,
            6.075284957885742
        ],
        "adversarial_accuracy": 50.0,
        "attack_success_rate": 100.0,
        "attack_success_rate_in_epsilon": 50.0
    },
    "exp_attack_smooth": {
        "adversarial_distance": [
            23.01085090637207,
            12.728499412536621,
            11.532206535339355,
            6.087528705596924,
            1.5303916931152344,
            8.946206092834473,
            22.45902442932129,
            16.498397827148438,
            2.30485463142395,
            5.752108573913574,
            62.3964958190918,
            4.2901716232299805,
            33.67461013793945,
            0.5331611633300781,
            1.1237462759017944,
            18.59261703491211,
            6.929950714111328,
            35.1642951965332,
            5.33969783782959,
            36.95447540283203
        ],
        "runtime": [
            6.078691244125366,
            6.0802695751190186,
            6.062566041946411,
            6.06050181388855,
            6.079853773117065,
            6.096918821334839,
            6.083307981491089,
            6.062198638916016,
            6.077552318572998,
            6.040807008743286,
            6.056897163391113,
            6.067034721374512,
            6.052813291549683,
            6.0481483936309814,
            6.04448127746582,
            6.060922145843506,
            6.042802810668945,
            6.059922933578491,
            6.02473783493042,
            6.058465480804443
        ],
        "adversarial_accuracy": 45.0,
        "attack_success_rate": 100.0,
        "attack_success_rate_in_epsilon": 55.00000000000001
    },
    "elastic_net_L1_rule": {
        "adversarial_distance": [
            21.644134521484375,
            9.519553184509277,
            9.520397186279297,
            5.442623615264893,
            1.2244045734405518,
            18.16242027282715,
            12.36748218536377,
            15.008478164672852,
            2.0303192138671875,
            5.852746963500977,
            49.604949951171875,
            3.2994351387023926,
            25.790735244750977,
            0.3246220350265503,
            0.8680972456932068,
            15.033591270446777,
            6.552943706512451,
            37.1998291015625,
            7.232382297515869,
            42.089576721191406
        ],
        "runtime": [
            5.793975830078125,
            5.808283805847168,
            5.8125834465026855,
            5.867160797119141,
            5.808161497116089,
            5.824126243591309,
            5.814714431762695,
            5.804810047149658,
            5.796106576919556,
            5.825244426727295,
            5.795547723770142,
            5.825518608093262,
            5.806627035140991,
            5.810193300247192,
            5.808839797973633,
            5.812469720840454,
            5.8118884563446045,
            5.791123390197754,
            5.810242414474487,
            5.815019845962524
        ],
        "adversarial_accuracy": 45.0,
        "attack_success_rate": 100.0,
        "attack_success_rate_in_epsilon": 55.00000000000001
    },
    "elastic_net_L1_rule_higher_beta": {
        "adversarial_distance": [
            13.404945373535156,
            9.621166229248047,
            6.089639663696289,
            3.8868038654327393,
            1.1374928951263428,
            9.865802764892578,
            11.18924331665039,
            11.861248970031738,
            1.7294563055038452,
            3.597315788269043,
            35.70237350463867,
            2.3579554557800293,
            14.737168312072754,
            0.25631728768348694,
            0.7971482276916504,
            9.648733139038086,
            5.4740095138549805,
            22.940515518188477,
            5.073278427124023,
            27.95258331298828
        ],
        "runtime": [
            5.791051864624023,
            5.823886871337891,
            5.7908124923706055,
            5.817016124725342,
            5.813023805618286,
            5.80596923828125,
            5.8058531284332275,
            5.807736396789551,
            5.8090150356292725,
            5.804132699966431,
            5.810309171676636,
            5.809041738510132,
            5.849362134933472,
            5.840423822402954,
            5.833610534667969,
            5.829708099365234,
            5.854309320449829,
            5.843073606491089,
            5.825756549835205,
            5.80781626701355
        ],
        "adversarial_accuracy": 25.0,
        "attack_success_rate": 100.0,
        "attack_success_rate_in_epsilon": 75.0
    }
}