{
    "fast_gradient_method": {
        "adversarial_distance": [
            12,
            12,
            12,
            12,
            12,
            12,
            12,
            12,
            12,
            12,
            12,
            12,
            12,
            12,
            12,
            12,
            12,
            12,
            12,
            12
        ],
        "runtime": [
            0.12382888793945312,
            0.0381009578704834,
            0.039104461669921875,
            0.08873605728149414,
            0.11229896545410156,
            0.06166410446166992,
            0.058656930923461914,
            0.05865597724914551,
            0.0345914363861084,
            0.03409075736999512,
            0.034090518951416016,
            0.03409075736999512,
            0.033589839935302734,
            0.03910374641418457,
            0.03358817100524902,
            0.036097049713134766,
            0.0345919132232666,
            0.03358817100524902,
            0.03358912467956543,
            0.03409075736999512
        ],
        "adversarial_accuracy": 100.0
    },
    "projected_gradient_descent": {
        "adversarial_distance": [
            12,
            12,
            12,
            12,
            1.4421569108963013,
            12,
            12,
            12,
            12,
            12,
            12,
            12,
            12,
            12,
            12,
            12,
            1.4813724756240845,
            12,
            12,
            12
        ],
        "runtime": [
            3.631662607192993,
            3.6577320098876953,
            3.6953747272491455,
            3.6381804943084717,
            3.89937424659729,
            3.7700304985046387,
            3.624143362045288,
            3.820671796798706,
            3.851266860961914,
            3.9094080924987793,
            4.1881422996521,
            4.207207679748535,
            3.9064321517944336,
            4.025729179382324,
            4.060837984085083,
            4.2162299156188965,
            4.608776569366455,
            4.72156286239624,
            4.778745651245117,
            4.557143688201904
        ],
        "adversarial_accuracy": 90.0
    },
    "pgd_early_stopping": {
        "adversarial_distance": [
            12,
            12,
            12,
            12,
            0.30000004172325134,
            12,
            12,
            12,
            12,
            12,
            12,
            12,
            12,
            12,
            12,
            12,
            0.75,
            12,
            12,
            12
        ],
        "runtime": [
            9.146845579147339,
            9.21902847290039,
            10.877964973449707,
            11.44800353050232,
            0.22610068321228027,
            11.380837440490723,
            11.479556560516357,
            11.422906398773193,
            11.424413681030273,
            10.106462240219116,
            10.039771556854248,
            10.41475796699524,
            10.066320896148682,
            10.40676999092102,
            11.023889780044556,
            12.236569166183472,
            0.5770351886749268,
            12.41557765007019,
            12.226113080978394,
            12.815644979476929
        ],
        "adversarial_accuracy": 90.0
    },
    "auto_projected_gradient_descent": {
        "adversarial_distance": [
            12,
            12,
            12,
            12,
            12,
            12,
            12,
            12,
            12,
            12,
            12,
            12,
            12,
            12,
            12,
            12,
            12,
            12,
            12,
            12
        ],
        "runtime": [
            43.32586741447449,
            42.197561502456665,
            44.25068664550781,
            47.845863819122314,
            9.350916147232056,
            45.28434634208679,
            39.98795938491821,
            30.91544270515442,
            29.336110830307007,
            30.344329595565796,
            28.04557490348816,
            27.69310474395752,
            27.65121293067932,
            29.71525478363037,
            34.47277760505676,
            36.6336395740509,
            5.989501476287842,
            32.21052551269531,
            26.443355560302734,
            26.318150520324707
        ],
        "adversarial_accuracy": 90.0
    },
    "deep_fool": {
        "adversarial_distance": [
            12,
            12,
            12,
            12,
            0.9686360955238342,
            12,
            12,
            12,
            12,
            12,
            12,
            12,
            12,
            12,
            12,
            12,
            2.4138710498809814,
            12,
            12,
            12
        ],
        "runtime": [
            0.9801063537597656,
            0.6467185020446777,
            1.3440742492675781,
            0.9525408744812012,
            0.955040693283081,
            0.9730889797210693,
            1.603766679763794,
            31.473757028579712,
            0.6702818870544434,
            1.6002578735351562,
            2.8501172065734863,
            31.718982458114624,
            0.9605555534362793,
            31.43925905227661,
            0.995147705078125,
            0.6487252712249756,
            0.9650673866271973,
            3.191490650177002,
            0.9650678634643555,
            0.9620590209960938
        ],
        "adversarial_accuracy": 90.0
    },
    "brendel_bethge": {
        "adversarial_distance": [
            3.159414052963257,
            10.709155082702637,
            10.60865592956543,
            5.415233135223389,
            0.18976634740829468,
            5.82565450668335,
            12,
            12,
            6.126958847045898,
            2.7508723735809326,
            12,
            10.978887557983398,
            10.294686317443848,
            4.776458740234375,
            4.9302592277526855,
            7.867168426513672,
            0.6104292869567871,
            12,
            6.089011192321777,
            12
        ],
        "runtime": [
            56.64507484436035,
            8.81677794456482,
            8.323201417922974,
            7.795268535614014,
            5.875149965286255,
            10.811336755752563,
            9.03410291671753,
            8.862008094787598,
            8.468570709228516,
            7.2794249057769775,
            9.121826887130737,
            6.614613771438599,
            13.678013324737549,
            6.23309063911438,
            8.598460674285889,
            8.95184874534607,
            7.644848585128784,
            10.04023790359497,
            8.430009841918945,
            11.621984481811523
        ],
        "adversarial_accuracy": 25.0
    },
    "carlini_wagner_l2": {
        "adversarial_distance": [
            12,
            12,
            12,
            12,
            1.003453016281128,
            12,
            12,
            12,
            12,
            12,
            12,
            12,
            12,
            12,
            12,
            12,
            2.0000290870666504,
            12,
            12,
            12
        ],