{
    "exp_attack_l1": {
        "adversarial_distance": [
            11.999991416931152,
            12,
            12,
            9.640169143676758,
            0.5804921388626099,
            11.999996185302734,
            12,
            12,
            8.321076393127441,
            4.92001485824585,
            12,
            12,
            12,
            11.691131591796875,
            12,
            12,
            1.3040859699249268,
            12,
            12,
            12,
            12,
            12,
            12,
            12,
            12.0,
            12,
            12,
            12,
            12,
            12,
            12,
            12,
            false,
            12,
            12,
            false,
            12,
            12,
            1.6252357959747314,
            false,
            11.99998664855957,
            12,
            4.724595069885254,
            12,
            8.960165023803711,
            false,
            12,
            11.999999046325684,
            12,
            12
        ],
        "runtime": [
            1.2749459743499756,
            1.2832629680633545,
            1.32843017578125,
            1.2515954971313477,
            1.2618486881256104,
            1.250732660293579,
            1.3069570064544678,
            1.3427932262420654,
            1.305612564086914,
            1.32578444480896,
            1.339562177658081,
            1.3046326637268066,
            1.2971959114074707,
            1.304168939590454,
            1.2781331539154053,
            1.2771687507629395,
            1.288130521774292,
            1.2812614440917969,
            1.2626378536224365,
            1.4220635890960693,
            1.3057861328125,
            1.3044519424438477,
            1.3128278255462646,
            1.3290200233459473,
            1.3003604412078857,
            1.310035228729248,
            1.3226196765899658,
            1.3002424240112305,
            1.2964856624603271,
            1.269603967666626,
            1.2808775901794434,
            1.3011884689331055,
            false,
            1.3077940940856934,
            1.2997581958770752,
            false,
            1.30715012550354,
            1.285158634185791,
            1.2486505508422852,
            false,
            1.2665653228759766,
            1.2658488750457764,
            1.274822473526001,
            1.2836787700653076,
            1.2768912315368652,
            false,
            1.2857224941253662,
            1.2965798377990723,
            1.2968626022338867,
            1.2908592224121094
        ],
        "adversarial_accuracy": 50.0,
        "attack_success_rate": 45.65217391304348
    }
}