{
    "beta20.0": {
        "mean_runtime_per_image": 44.120349467754366,
        "attack_success_rate": 34.2,
        "attack_success_rate_in_epsilon_l0": 0.0,
        "attack_success_rate_in_epsilon_l1": 34.2,
        "attack_success_rate_in_epsilon_l2": 0.0,
        "mean_adv_distance_l1": 47.51548053228367,
        "mean_adv_distance_l2": 4.685503220697592,
        "average_sparsity": 0.9980819950421689
    }
}