{
    "learning_rate0.1": {
        "adversarial_accuracy": 67.4,
        "attack_success_rate_in_epsilon": 18.59903381642512,
        "mean_adv_distance": 65.1545030373522
    },
    "learning_rate0.2": {
        "adversarial_accuracy": 69.0,
        "attack_success_rate_in_epsilon": 16.666666666666664,
        "mean_adv_distance": 50.433190972287804
    },
    "learning_rate0.5": {
        "adversarial_accuracy": 63.4,
        "attack_success_rate_in_epsilon": 23.42995169082126,
        "mean_adv_distance": 38.75697404620404
    },
    "learning_rate1.0": {
        "adversarial_accuracy": 65.4,
        "attack_success_rate_in_epsilon": 21.014492753623188,
        "mean_adv_distance": 35.443493170789694
    },
    "learning_rate2.0": {
        "adversarial_accuracy": 67.0,
        "attack_success_rate_in_epsilon": 19.082125603864732,
        "mean_adv_distance": 37.19936534660702
    }
}