{
    "exp_attack_l1": {
        "mean_runtime_per_image": 0.529564439535141,
        "attack_success_rate": 28.199999999999996,
        "attack_success_rate_in_epsilon_l0": 0.0,
        "attack_success_rate_in_epsilon_l1": 28.199999999999996,
        "attack_success_rate_in_epsilon_l1_linf": 28.199999999999996,
        "attack_success_rate_in_epsilon_l2": 0.0,
        "mean_adv_distance_l1": 11.999999966181761,
        "mean_adv_distance_l2": 1.666530910113179,
        "average_sparsity": 0.9486127271719852,
        "average_sparsity_l1_linf": 115.09574468085107
    },
    "exp_attack_l1_linf": {
        "mean_runtime_per_image": 0.4884829306602478,
        "attack_success_rate": 77.4,
        "attack_success_rate_in_epsilon_l0": 0.0,
        "attack_success_rate_in_epsilon_l1": 0.0,
        "attack_success_rate_in_epsilon_l1_linf": 77.4,
        "attack_success_rate_in_epsilon_l2": 0.0,
        "mean_adv_distance_l1": 34.76016667092493,
        "mean_adv_distance_l2": 3.294602878796038,
        "average_sparsity": 0.922016311369509,
        "average_sparsity_l1_linf": 79.88501291989664
    }
}