{
    "exp_attack_l1_fb": {
        "mean_runtime_per_image": 0.3946176669597626,
        "attack_success_rate": 35.199999999999996,
        "attack_success_rate_in_epsilon_l0": 0.0,
        "attack_success_rate_in_epsilon_l1": 35.199999999999996,
        "attack_success_rate_in_epsilon_l1_linf": 35.199999999999996,
        "attack_success_rate_in_epsilon_l2": 0.0,
        "mean_adv_distance_l1": 12.000000092116268,
        "mean_adv_distance_l2": 1.2503468810834668,
        "average_sparsity": 0.9142530036695077,
        "average_sparsity_l1_linf": 165.96875
    }
}