{
    "exp_attack_l1": {
        "mean_runtime_per_image": 0.5071412892341614,
        "attack_success_rate": 11.700000000000001,
        "attack_success_rate_in_epsilon_l0": 0.3,
        "attack_success_rate_in_epsilon_l1": 11.700000000000001,
        "attack_success_rate_in_epsilon_l1_linf": 11.700000000000001,
        "attack_success_rate_in_epsilon_l2": 0.3,
        "mean_adv_distance_l1": 4.000000028528719,
        "mean_adv_distance_l2": 0.7194731877400324,
        "average_sparsity": 0.982466390669515,
        "average_sparsity_l1_linf": 36.31623931623932
    },
    "exp_attack_l1_linf": {
        "mean_runtime_per_image": 0.47175996494293215,
        "attack_success_rate": 30.3,
        "attack_success_rate_in_epsilon_l0": 0.0,
        "attack_success_rate_in_epsilon_l1": 0.0,
        "attack_success_rate_in_epsilon_l1_linf": 30.3,
        "attack_success_rate_in_epsilon_l2": 0.0,
        "mean_adv_distance_l1": 11.764575684424674,
        "mean_adv_distance_l2": 1.47828738052066,
        "average_sparsity": 0.9650500206270627,
        "average_sparsity_l1_linf": 35.79207920792079
    }
}