{
    "exp_attack_l1": {
        "mean_runtime_per_image": 0.8417925984859467,
        "attack_success_rate": 58.599999999999994,
        "attack_success_rate_in_epsilon_l0": 0.0,
        "attack_success_rate_in_epsilon_l1": 58.599999999999994,
        "attack_success_rate_in_epsilon_l1_linf": 58.599999999999994,
        "attack_success_rate_in_epsilon_l2": 50.2,
        "mean_adv_distance_l1": 4.000000023597743,
        "mean_adv_distance_l2": 0.4855722925870492,
        "average_sparsity": 0.9584088808304894,
        "average_sparsity_l1_linf": 94.08191126279864
    },
    "exp_attack_l1_linf": {
        "mean_runtime_per_image": 0.747081990480423,
        "attack_success_rate": 88.1,
        "attack_success_rate_in_epsilon_l0": 0.0,
        "attack_success_rate_in_epsilon_l1": 0.0,
        "attack_success_rate_in_epsilon_l1_linf": 88.1,
        "attack_success_rate_in_epsilon_l2": 0.8,
        "mean_adv_distance_l1": 10.500315037271628,
        "mean_adv_distance_l2": 0.819820237315337,
        "average_sparsity": 0.8792565266742339,
        "average_sparsity_l1_linf": 123.7116912599319
    }
}