{
    "exp_attack_sparse": {
        "mean_runtime_per_image": 0.3522224824428558,
        "attack_success_rate": 25.900000000000002,
        "attack_success_rate_in_epsilon_l0": 25.900000000000002,
        "attack_success_rate_in_epsilon_l1": 25.900000000000002,
        "attack_success_rate_in_epsilon_l1_linf": 25.900000000000002,
        "attack_success_rate_in_epsilon_l2": 0.0,
        "mean_adv_distance_l1": 15.192369033931305,
        "mean_adv_distance_l2": 3.4279481213985723,
        "average_sparsity": 0.9934895833333335,
        "average_sparsity_l1_linf": 12.799227799227799
    }
}