{
    "exp_attack_l1": {
        "mean_runtime_per_image": 2.5866261060237883,
        "attack_success_rate": 29.599999999999998,
        "attack_success_rate_in_epsilon_l0": 0.0,
        "attack_success_rate_in_epsilon_l1": 29.599999999999998,
        "attack_success_rate_in_epsilon_l1_linf": 29.599999999999998,
        "attack_success_rate_in_epsilon_l2": 0.0,
        "mean_adv_distance_l1": 12.00000009665618,
        "mean_adv_distance_l2": 1.6547310058329556,
        "average_sparsity": 0.9479210655968471,
        "average_sparsity_l1_linf": 114.50337837837837
    },
    "exp_attack_l1_linf": {
        "mean_runtime_per_image": 2.410853033542633,
        "attack_success_rate": 78.4,
        "attack_success_rate_in_epsilon_l0": 0.0,
        "attack_success_rate_in_epsilon_l1": 0.0,
        "attack_success_rate_in_epsilon_l1_linf": 78.4,
        "attack_success_rate_in_epsilon_l2": 0.0,
        "mean_adv_distance_l1": 34.778246147292,
        "mean_adv_distance_l2": 3.3339894737820237,
        "average_sparsity": 0.9241142013446001,
        "average_sparsity_l1_linf": 77.73469387755102
    }
}