{
    "exp_attack_l1": {
        "mean_runtime_per_image": 2.484802049636841,
        "attack_success_rate": 94.89999999999999,
        "attack_success_rate_in_epsilon_l0": 0.0,
        "attack_success_rate_in_epsilon_l1": 94.89999999999999,
        "attack_success_rate_in_epsilon_l1_linf": 94.89999999999999,
        "attack_success_rate_in_epsilon_l2": 28.499999999999996,
        "mean_adv_distance_l1": 3.9999999580443597,
        "mean_adv_distance_l2": 0.6029481900378951,
        "average_sparsity": 0.9586437615252895,
        "average_sparsity_l1_linf": 105.98208640674395
    }
}