{
    "exp_attack_l1": {
        "mean_runtime_per_image": 8.839647578001022,
        "attack_success_rate": 82.69999999999999,
        "attack_success_rate_in_epsilon_l0": 0.0,
        "attack_success_rate_in_epsilon_l1": 82.69999999999999,
        "attack_success_rate_in_epsilon_l1_linf": 82.69999999999999,
        "attack_success_rate_in_epsilon_l2": 0.0,
        "mean_adv_distance_l1": 50.00000056274857,
        "mean_adv_distance_l2": 2.299584306569313,
        "average_sparsity": 0.9760518669567291,
        "average_sparsity_l1_linf": 2489.3143893591296
    },
    "exp_attack_l1_linf": {
        "mean_runtime_per_image": 6.273141550779343,
        "attack_success_rate": 95.0,
        "attack_success_rate_in_epsilon_l0": 0.0,
        "attack_success_rate_in_epsilon_l1": 0.0,
        "attack_success_rate_in_epsilon_l1_linf": 95.0,
        "attack_success_rate_in_epsilon_l2": 0.0,
        "mean_adv_distance_l1": 134.04931182058235,
        "mean_adv_distance_l2": 3.199490752471121,
        "average_sparsity": 0.9318554617570715,
        "average_sparsity_l1_linf": 3421.798947368421
    }
}