{
    "exp_attack_sparse": {
        "mean_runtime_per_image": 0.6653384506702423,
        "attack_success_rate": 70.89999999999999,
        "attack_success_rate_in_epsilon_l0": 70.89999999999999,
        "attack_success_rate_in_epsilon_l1": 70.89999999999999,
        "attack_success_rate_in_epsilon_l1_linf": 70.89999999999999,
        "attack_success_rate_in_epsilon_l2": 0.0,
        "mean_adv_distance_l1": 12.213014804425798,
        "mean_adv_distance_l2": 2.7371160883156973,
        "average_sparsity": 0.9921962234073813,
        "average_sparsity_l1_linf": 19.740479548660083
    }
}