{
    "exp_attack_l1": {
        "mean_runtime_per_image": 2.8387251121997834,
        "attack_success_rate": 8.799999999999999,
        "attack_success_rate_in_epsilon_l0": 0.0,
        "attack_success_rate_in_epsilon_l1": 8.799999999999999,
        "attack_success_rate_in_epsilon_l1_linf": 8.799999999999999,
        "attack_success_rate_in_epsilon_l2": 0.0,
        "mean_adv_distance_l1": 49.99999978325584,
        "mean_adv_distance_l2": 4.497552714564583,
        "average_sparsity": 0.9982645179875934,
        "average_sparsity_l1_linf": 197.6818181818182
    },
    "exp_attack_l1_linf": {
        "mean_runtime_per_image": 2.0146053776741026,
        "attack_success_rate": 19.900000000000002,
        "attack_success_rate_in_epsilon_l0": 0.0,
        "attack_success_rate_in_epsilon_l1": 0.0,
        "attack_success_rate_in_epsilon_l1_linf": 19.900000000000002,
        "attack_success_rate_in_epsilon_l2": 0.0,
        "mean_adv_distance_l1": 139.97776345871202,
        "mean_adv_distance_l2": 7.0173567359770965,
        "average_sparsity": 0.9943512404176498,
        "average_sparsity_l1_linf": 283.4321608040201
    }
}