{
    "exp_attack_l1": {
        "mean_runtime_per_image": 2.5346682965755463,
        "attack_success_rate": 37.8,
        "attack_success_rate_in_epsilon_l0": 0.0,
        "attack_success_rate_in_epsilon_l1": 37.8,
        "attack_success_rate_in_epsilon_l1_linf": 37.8,
        "attack_success_rate_in_epsilon_l2": 0.0,
        "mean_adv_distance_l1": 12.000000088303178,
        "mean_adv_distance_l2": 1.4369911813231373,
        "average_sparsity": 0.9607609609237211,
        "average_sparsity_l1_linf": 76.58994708994709
    },
    "exp_attack_l1_linf": {
        "mean_runtime_per_image": 2.3444737350940703,
        "attack_success_rate": 81.89999999999999,
        "attack_success_rate_in_epsilon_l0": 0.0,
        "attack_success_rate_in_epsilon_l1": 0.0,
        "attack_success_rate_in_epsilon_l1_linf": 81.89999999999999,
        "attack_success_rate_in_epsilon_l2": 0.0,
        "mean_adv_distance_l1": 34.801404398730675,
        "mean_adv_distance_l2": 2.842667705701239,
        "average_sparsity": 0.9176018931878307,
        "average_sparsity_l1_linf": 84.38095238095238
    }
}