{
    "exp_attack_l1": {
        "mean_runtime_per_image": 8.599651490688323,
        "attack_success_rate": 33.800000000000004,
        "attack_success_rate_in_epsilon_l0": 0.0,
        "attack_success_rate_in_epsilon_l1": 33.800000000000004,
        "attack_success_rate_in_epsilon_l1_linf": 33.800000000000004,
        "attack_success_rate_in_epsilon_l2": 0.0,
        "mean_adv_distance_l1": 49.99999988713913,
        "mean_adv_distance_l2": 4.830479034305324,
        "average_sparsity": 0.9987378942886325,
        "average_sparsity_l1_linf": 145.72189349112426
    }
}