{
    "exp_attack_l1": {
        "mean_runtime_per_image": 8.604832731723786,
        "attack_success_rate": 18.099999999999998,
        "attack_success_rate_in_epsilon_l0": 0.0,
        "attack_success_rate_in_epsilon_l1": 18.099999999999998,
        "attack_success_rate_in_epsilon_l1_linf": 18.099999999999998,
        "attack_success_rate_in_epsilon_l2": 0.0,
        "mean_adv_distance_l1": 24.99999998946216,
        "mean_adv_distance_l2": 3.3746320766638656,
        "average_sparsity": 0.9993387181357344,
        "average_sparsity_l1_linf": 77.32596685082873
    }
}