{
    "exp_attack_l1": {
        "mean_runtime_per_image": 8.81825218462944,
        "attack_success_rate": 64.8,
        "attack_success_rate_in_epsilon_l0": 0.0,
        "attack_success_rate_in_epsilon_l1": 64.8,
        "attack_success_rate_in_epsilon_l1_linf": 64.8,
        "attack_success_rate_in_epsilon_l2": 0.0,
        "mean_adv_distance_l1": 24.999999896979627,
        "mean_adv_distance_l2": 1.7081382614043024,
        "average_sparsity": 0.9898006650335688,
        "average_sparsity_l1_linf": 1103.695987654321
    },
    "exp_attack_l1_linf": {
        "mean_runtime_per_image": 6.241993360757828,
        "attack_success_rate": 82.19999999999999,
        "attack_success_rate_in_epsilon_l0": 0.0,
        "attack_success_rate_in_epsilon_l1": 0.0,
        "attack_success_rate_in_epsilon_l1_linf": 82.19999999999999,
        "attack_success_rate_in_epsilon_l2": 0.0,
        "mean_adv_distance_l1": 68.33437217007008,
        "mean_adv_distance_l2": 2.3370666434294987,
        "average_sparsity": 0.9666539636117532,
        "average_sparsity_l1_linf": 1674.0693430656934
    }
}