{
    "exp_attack_l1": {
        "mean_runtime_per_image": 0.8395342314243317,
        "attack_success_rate": 93.60000000000001,
        "attack_success_rate_in_epsilon_l0": 0.0,
        "attack_success_rate_in_epsilon_l1": 93.60000000000001,
        "attack_success_rate_in_epsilon_l1_linf": 93.60000000000001,
        "attack_success_rate_in_epsilon_l2": 43.5,
        "mean_adv_distance_l1": 3.9999999903206134,
        "mean_adv_distance_l2": 0.5673481953195018,
        "average_sparsity": 0.9488497568331564,
        "average_sparsity_l1_linf": 122.22222222222223
    }
}