{
    "exp_attack_l1": {
        "mean_runtime_per_image": 2.8886830945014954,
        "attack_success_rate": 17.599999999999998,
        "attack_success_rate_in_epsilon_l0": 0.0,
        "attack_success_rate_in_epsilon_l1": 17.599999999999998,
        "attack_success_rate_in_epsilon_l1_linf": 17.599999999999998,
        "attack_success_rate_in_epsilon_l2": 0.0,
        "mean_adv_distance_l1": 25.000000314279035,
        "mean_adv_distance_l2": 3.377903554927219,
        "average_sparsity": 0.9993382762373408,
        "average_sparsity_l1_linf": 77.7840909090909
    }
}