{
    "exp_attack_l1": {
        "mean_runtime_per_image": 2.9539931576251983,
        "attack_success_rate": 54.300000000000004,
        "attack_success_rate_in_epsilon_l0": 0.0,
        "attack_success_rate_in_epsilon_l1": 54.300000000000004,
        "attack_success_rate_in_epsilon_l1_linf": 54.300000000000004,
        "attack_success_rate_in_epsilon_l2": 0.0,
        "mean_adv_distance_l1": 25.000000087815316,
        "mean_adv_distance_l2": 1.683608776188248,
        "average_sparsity": 0.9925239828608706,
        "average_sparsity_l1_linf": 822.219152854512
    },
    "exp_attack_l1_linf": {
        "mean_runtime_per_image": 2.0797561693191526,
        "attack_success_rate": 68.60000000000001,
        "attack_success_rate_in_epsilon_l0": 0.0,
        "attack_success_rate_in_epsilon_l1": 0.0,
        "attack_success_rate_in_epsilon_l1_linf": 68.60000000000001,
        "attack_success_rate_in_epsilon_l2": 0.0,
        "mean_adv_distance_l1": 68.2642042421391,
        "mean_adv_distance_l2": 2.3968209459204717,
        "average_sparsity": 0.9760434620960272,
        "average_sparsity_l1_linf": 1202.502915451895
    }
}