{
    "exp_attack_l1": {
        "mean_runtime_per_image": 3.296436630964279,
        "attack_success_rate": 93.10000000000001,
        "attack_success_rate_in_epsilon_l0": 0.0,
        "attack_success_rate_in_epsilon_l1": 93.10000000000001,
        "attack_success_rate_in_epsilon_l1_linf": 93.10000000000001,
        "attack_success_rate_in_epsilon_l2": 0.0,
        "mean_adv_distance_l1": 74.99999028911652,
        "mean_adv_distance_l2": 2.3084440461803073,
        "average_sparsity": 0.9305394171128449,
        "average_sparsity_l1_linf": 6643.263157894737
    }
}