{
    "exp_attack_l1": {
        "mean_runtime_per_image": 9.038461005926132,
        "attack_success_rate": 56.10000000000001,
        "attack_success_rate_in_epsilon_l0": 0.0,
        "attack_success_rate_in_epsilon_l1": 56.10000000000001,
        "attack_success_rate_in_epsilon_l1_linf": 56.10000000000001,
        "attack_success_rate_in_epsilon_l2": 0.2,
        "mean_adv_distance_l1": 12.000000207394415,
        "mean_adv_distance_l2": 1.1063267036130298,
        "average_sparsity": 0.9934454250450181,
        "average_sparsity_l1_linf": 710.5953654188949
    }
}