{
    "learning_rate_0.1__beta_0.05": {
        "mean_runtime_per_image": 0.7534197316169738,
        "attack_success_rate": 88.0,
        "attack_success_rate_in_epsilon_l0": 0.0,
        "attack_success_rate_in_epsilon_l1": 0.0,
        "attack_success_rate_in_epsilon_l1_linf": 88.0,
        "attack_success_rate_in_epsilon_l2": 88.0,
        "mean_adv_distance_l1": 5.125082928484137,
        "mean_adv_distance_l2": 0.30711702995679596,
        "average_sparsity": 0.7721709280303028,
        "average_sparsity_l1_linf": 233.55227272727274
    },
    "learning_rate_0.1__beta_0.1": {
        "mean_runtime_per_image": 0.7595290894508362,
        "attack_success_rate": 89.8,
        "attack_success_rate_in_epsilon_l0": 0.0,
        "attack_success_rate_in_epsilon_l1": 0.0,
        "attack_success_rate_in_epsilon_l1_linf": 89.8,
        "attack_success_rate_in_epsilon_l2": 89.0,
        "mean_adv_distance_l1": 5.271438048517783,
        "mean_adv_distance_l2": 0.3654926138160489,
        "average_sparsity": 0.8381472717149219,
        "average_sparsity_l1_linf": 165.89977728285078
    },
    "learning_rate_0.1__beta_0.2": {
        "mean_runtime_per_image": 0.7623589062690734,
        "attack_success_rate": 90.60000000000001,
        "attack_success_rate_in_epsilon_l0": 0.0,
        "attack_success_rate_in_epsilon_l1": 0.0,
        "attack_success_rate_in_epsilon_l1_linf": 90.60000000000001,
        "attack_success_rate_in_epsilon_l2": 87.0,
        "mean_adv_distance_l1": 5.3748660592843365,
        "mean_adv_distance_l2": 0.4232350675343941,
        "average_sparsity": 0.8731762210264901,
        "average_sparsity_l1_linf": 129.99116997792495
    },
    "learning_rate_0.1__beta_0.5": {
        "mean_runtime_per_image": 0.7593423094749451,
        "attack_success_rate": 90.60000000000001,
        "attack_success_rate_in_epsilon_l0": 0.0,
        "attack_success_rate_in_epsilon_l1": 0.0,
        "attack_success_rate_in_epsilon_l1_linf": 90.60000000000001,
        "attack_success_rate_in_epsilon_l2": 72.8,
        "mean_adv_distance_l1": 5.450606953492491,
        "mean_adv_distance_l2": 0.4903074393735553,
        "average_sparsity": 0.8923855431383372,
        "average_sparsity_l1_linf": 110.28697571743929
    },
    "learning_rate_0.1__beta_1.0": {
        "mean_runtime_per_image": 0.7585307188034057,
        "attack_success_rate": 89.8,
        "attack_success_rate_in_epsilon_l0": 0.0,
        "attack_success_rate_in_epsilon_l1": 0.0,
        "attack_success_rate_in_epsilon_l1_linf": 89.8,
        "attack_success_rate_in_epsilon_l2": 55.800000000000004,
        "mean_adv_distance_l1": 5.476394514198558,
        "mean_adv_distance_l2": 0.5362595533475047,
        "average_sparsity": 0.895519412351522,
        "average_sparsity_l1_linf": 107.07126948775056
    },
    "learning_rate_0.2__beta_0.05": {
        "mean_runtime_per_image": 0.7581701292991638,
        "attack_success_rate": 89.60000000000001,
        "attack_success_rate_in_epsilon_l0": 0.0,
        "attack_success_rate_in_epsilon_l1": 0.0,
        "attack_success_rate_in_epsilon_l1_linf": 89.60000000000001,
        "attack_success_rate_in_epsilon_l2": 87.4,
        "mean_adv_distance_l1": 5.246203842972006,
        "mean_adv_distance_l2": 0.38727318053133786,
        "average_sparsity": 0.846763247535342,
        "average_sparsity_l1_linf": 157.05803571428572
    },
    "learning_rate_0.2__beta_0.1": {
        "mean_runtime_per_image": 0.7605215096473694,
        "attack_success_rate": 90.60000000000001,
        "attack_success_rate_in_epsilon_l0": 0.0,
        "attack_success_rate_in_epsilon_l1": 0.0,
        "attack_success_rate_in_epsilon_l1_linf": 90.60000000000001,
        "attack_success_rate_in_epsilon_l2": 84.0,
        "mean_adv_distance_l1": 5.362501154935386,
        "mean_adv_distance_l2": 0.4366132616996765,
        "average_sparsity": 0.8755569065029434,
        "average_sparsity_l1_linf": 127.5540838852097
    },
    "learning_rate_0.2__beta_0.2": {
        "mean_runtime_per_image": 0.7540441236495972,
        "attack_success_rate": 91.4,
        "attack_success_rate_in_epsilon_l0": 0.0,
        "attack_success_rate_in_epsilon_l1": 0.0,
        "attack_success_rate_in_epsilon_l1_linf": 91.4,
        "attack_success_rate_in_epsilon_l2": 75.8,
        "mean_adv_distance_l1": 5.430824331955524,
        "mean_adv_distance_l2": 0.4840473492896792,
        "average_sparsity": 0.8900644203592273,
        "average_sparsity_l1_linf": 112.67614879649891
    },
    "learning_rate_0.2__beta_0.5": {
        "mean_runtime_per_image": 0.7570909104347229,
        "attack_success_rate": 90.60000000000001,
        "attack_success_rate_in_epsilon_l0": 0.0,
        "attack_success_rate_in_epsilon_l1": 0.0,
        "attack_success_rate_in_epsilon_l1_linf": 90.60000000000001,
        "attack_success_rate_in_epsilon_l2": 54.0,
        "mean_adv_distance_l1": 5.475109942438324,
        "mean_adv_distance_l2": 0.5384611668307786,
        "average_sparsity": 0.8950378552704195,
        "average_sparsity_l1_linf": 107.57174392935983
    },
    "learning_rate_0.2__beta_1.0": {
        "mean_runtime_per_image": 0.7560944471359253,
        "attack_success_rate": 87.4,
        "attack_success_rate_in_epsilon_l0": 0.0,
        "attack_success_rate_in_epsilon_l1": 0.0,
        "attack_success_rate_in_epsilon_l1_linf": 87.4,
        "attack_success_rate_in_epsilon_l2": 38.0,
        "mean_adv_distance_l1": 5.506517046921859,
        "mean_adv_distance_l2": 0.5770869293256538,
        "average_sparsity": 0.8904819794050346,
        "average_sparsity_l1_linf": 112.22654462242564
    },
    "learning_rate_0.5__beta_0.05": {
        "mean_runtime_per_image": 0.7585788168907166,
        "attack_success_rate": 90.8,
        "attack_success_rate_in_epsilon_l0": 0.0,
        "attack_success_rate_in_epsilon_l1": 0.0,
        "attack_success_rate_in_epsilon_l1_linf": 90.8,
        "attack_success_rate_in_epsilon_l2": 73.8,
        "mean_adv_distance_l1": 5.3669535641103066,
        "mean_adv_distance_l2": 0.4802216879596794,
        "average_sparsity": 0.8864269284599854,
        "average_sparsity_l1_linf": 116.39867841409692
    },
    "learning_rate_0.5__beta_0.1": {
        "mean_runtime_per_image": 0.7592843847274781,
        "attack_success_rate": 91.60000000000001,
        "attack_success_rate_in_epsilon_l0": 0.0,
        "attack_success_rate_in_epsilon_l1": 0.0,
        "attack_success_rate_in_epsilon_l1_linf": 91.60000000000001,
        "attack_success_rate_in_epsilon_l2": 66.60000000000001,
        "mean_adv_distance_l1": 5.440126878205345,
        "mean_adv_distance_l2": 0.5120000716250016,
        "average_sparsity": 0.8936328693595342,
        "average_sparsity_l1_linf": 109.02401746724891
    },
    "learning_rate_0.5__beta_0.2": {
        "mean_runtime_per_image": 0.7604811592102051,
        "attack_success_rate": 90.2,
        "attack_success_rate_in_epsilon_l0": 0.0,
        "attack_success_rate_in_epsilon_l1": 0.0,
        "attack_success_rate_in_epsilon_l1_linf": 90.2,
        "attack_success_rate_in_epsilon_l2": 48.0,
        "mean_adv_distance_l1": 5.458998319579334,
        "mean_adv_distance_l2": 0.5514429717793433,
        "average_sparsity": 0.8960809023928308,
        "average_sparsity_l1_linf": 106.50554323725055
    },
    "learning_rate_0.5__beta_0.5": {
        "mean_runtime_per_image": 0.7583451046943664,
        "attack_success_rate": 85.0,
        "attack_success_rate_in_epsilon_l0": 0.0,
        "attack_success_rate_in_epsilon_l1": 0.0,
        "attack_success_rate_in_epsilon_l1_linf": 85.0,
        "attack_success_rate_in_epsilon_l2": 31.4,
        "mean_adv_distance_l1": 5.491083210215849,
        "mean_adv_distance_l2": 0.5908878446326536,
        "average_sparsity": 0.8932827818627452,
        "average_sparsity_l1_linf": 109.36
    },
    "learning_rate_0.5__beta_1.0": {
        "mean_runtime_per_image": 0.7601016449928284,
        "attack_success_rate": 75.4,