{
    "learning_rate_0.1__beta_0.1": {
        "mean_runtime_per_image": 3.762109003543854,
        "attack_success_rate": 89.4,
        "attack_success_rate_in_epsilon_l0": 0.0,
        "attack_success_rate_in_epsilon_l1": 89.4,
        "attack_success_rate_in_epsilon_l1_linf": 89.4,
        "attack_success_rate_in_epsilon_l2": 82.6,
        "mean_adv_distance_l1": 12.000000541908896,
        "mean_adv_distance_l2": 0.4654170327405268,
        "average_sparsity": 0.9873872157923572,
        "average_sparsity_l1_linf": 1780.9597315436242
    },
    "learning_rate_0.1__beta_0.2": {
        "mean_runtime_per_image": 3.743328242778778,
        "attack_success_rate": 90.4,
        "attack_success_rate_in_epsilon_l0": 0.0,
        "attack_success_rate_in_epsilon_l1": 90.4,
        "attack_success_rate_in_epsilon_l1_linf": 90.4,
        "attack_success_rate_in_epsilon_l2": 56.99999999999999,
        "mean_adv_distance_l1": 11.999999518943044,
        "mean_adv_distance_l2": 0.5284399622309525,
        "average_sparsity": 0.989558876648004,
        "average_sparsity_l1_linf": 1475.7323008849557
    },
    "learning_rate_0.1__beta_0.5": {
        "mean_runtime_per_image": 3.732404531002045,
        "attack_success_rate": 91.2,
        "attack_success_rate_in_epsilon_l0": 0.0,
        "attack_success_rate_in_epsilon_l1": 91.2,
        "attack_success_rate_in_epsilon_l1_linf": 91.2,
        "attack_success_rate_in_epsilon_l2": 22.8,
        "mean_adv_distance_l1": 11.999999924709922,
        "mean_adv_distance_l2": 0.6077553277606504,
        "average_sparsity": 0.9909354889502404,
        "average_sparsity_l1_linf": 1260.701754385965
    },
    "learning_rate_0.1__beta_1.0": {
        "mean_runtime_per_image": 3.7247114968299866,
        "attack_success_rate": 91.4,
        "attack_success_rate_in_epsilon_l0": 0.0,
        "attack_success_rate_in_epsilon_l1": 91.4,
        "attack_success_rate_in_epsilon_l1_linf": 91.4,
        "attack_success_rate_in_epsilon_l2": 7.000000000000001,
        "mean_adv_distance_l1": 12.000000523790488,
        "mean_adv_distance_l2": 0.6775124755156119,
        "average_sparsity": 0.9915823362304447,
        "average_sparsity_l1_linf": 1153.2975929978118
    },
    "learning_rate_0.2__beta_0.1": {
        "mean_runtime_per_image": 3.738461326599121,
        "attack_success_rate": 90.60000000000001,
        "attack_success_rate_in_epsilon_l0": 0.0,
        "attack_success_rate_in_epsilon_l1": 90.60000000000001,
        "attack_success_rate_in_epsilon_l1_linf": 90.60000000000001,
        "attack_success_rate_in_epsilon_l2": 52.2,
        "mean_adv_distance_l1": 11.999999677898078,
        "mean_adv_distance_l2": 0.5409876019354688,
        "average_sparsity": 0.9897439013201855,
        "average_sparsity_l1_linf": 1454.9337748344371
    },
    "learning_rate_0.2__beta_0.2": {
        "mean_runtime_per_image": 3.7283797602653506,
        "attack_success_rate": 91.4,
        "attack_success_rate_in_epsilon_l0": 0.0,
        "attack_success_rate_in_epsilon_l1": 91.4,
        "attack_success_rate_in_epsilon_l1_linf": 91.4,
        "attack_success_rate_in_epsilon_l2": 28.4,
        "mean_adv_distance_l1": 11.999999728714089,
        "mean_adv_distance_l2": 0.5963967612066207,
        "average_sparsity": 0.9907070801515342,
        "average_sparsity_l1_linf": 1300.1137855579868
    },
    "learning_rate_0.2__beta_0.5": {
        "mean_runtime_per_image": 3.7220968070030214,
        "attack_success_rate": 91.0,
        "attack_success_rate_in_epsilon_l0": 0.0,
        "attack_success_rate_in_epsilon_l1": 91.0,
        "attack_success_rate_in_epsilon_l1_linf": 91.0,
        "attack_success_rate_in_epsilon_l2": 6.2,
        "mean_adv_distance_l1": 11.999999968560187,
        "mean_adv_distance_l2": 0.6839254819429837,
        "average_sparsity": 0.9916180173992675,
        "average_sparsity_l1_linf": 1147.076923076923
    },
    "learning_rate_0.2__beta_1.0": {
        "mean_runtime_per_image": 3.7154848980903625,
        "attack_success_rate": 90.8,
        "attack_success_rate_in_epsilon_l0": 0.0,
        "attack_success_rate_in_epsilon_l1": 90.8,
        "attack_success_rate_in_epsilon_l1_linf": 90.8,
        "attack_success_rate_in_epsilon_l2": 3.8,
        "mean_adv_distance_l1": 11.999999735323868,
        "mean_adv_distance_l2": 0.7500991363751206,
        "average_sparsity": 0.9919663255238769,
        "average_sparsity_l1_linf": 1082.1784140969164
    },
    "learning_rate_0.5__beta_0.1": {
        "mean_runtime_per_image": 3.730403157711029,
        "attack_success_rate": 91.60000000000001,
        "attack_success_rate_in_epsilon_l0": 0.0,
        "attack_success_rate_in_epsilon_l1": 91.60000000000001,
        "attack_success_rate_in_epsilon_l1_linf": 91.60000000000001,
        "attack_success_rate_in_epsilon_l2": 15.8,
        "mean_adv_distance_l1": 11.999999733470933,
        "mean_adv_distance_l2": 0.6360481682042367,
        "average_sparsity": 0.9911538603910451,
        "average_sparsity_l1_linf": 1233.792576419214
    },
    "learning_rate_0.5__beta_0.2": {
        "mean_runtime_per_image": 3.725279170513153,
        "attack_success_rate": 91.0,
        "attack_success_rate_in_epsilon_l0": 0.0,
        "attack_success_rate_in_epsilon_l1": 91.0,
        "attack_success_rate_in_epsilon_l1_linf": 91.0,
        "attack_success_rate_in_epsilon_l2": 5.6000000000000005,
        "mean_adv_distance_l1": 12.000000123663263,
        "mean_adv_distance_l2": 0.697302103632099,
        "average_sparsity": 0.9916283400379391,
        "average_sparsity_l1_linf": 1147.2637362637363
    },
    "learning_rate_0.5__beta_0.5": {
        "mean_runtime_per_image": 3.7216379442214964,
        "attack_success_rate": 89.60000000000001,
        "attack_success_rate_in_epsilon_l0": 0.0,
        "attack_success_rate_in_epsilon_l1": 89.60000000000001,
        "attack_success_rate_in_epsilon_l1_linf": 89.60000000000001,
        "attack_success_rate_in_epsilon_l2": 2.1999999999999997,
        "mean_adv_distance_l1": 12.000000014901161,
        "mean_adv_distance_l2": 0.7808450863563589,
        "average_sparsity": 0.9922342698937833,
        "average_sparsity_l1_linf": 1044.3370535714287
    },
    "learning_rate_0.5__beta_1.0": {
        "mean_runtime_per_image": 3.714361485481262,
        "attack_success_rate": 84.2,
        "attack_success_rate_in_epsilon_l0": 0.0,
        "attack_success_rate_in_epsilon_l1": 84.2,
        "attack_success_rate_in_epsilon_l1_linf": 84.2,
        "attack_success_rate_in_epsilon_l2": 1.2,
        "mean_adv_distance_l1": 12.000000178955514,
        "mean_adv_distance_l2": 0.8446135897534477,
        "average_sparsity": 0.9933851212694098,
        "average_sparsity_l1_linf": 889.6935866983373
    },
    "learning_rate_1.0__beta_0.1": {
        "mean_runtime_per_image": 3.7330955481529235,
        "attack_success_rate": 91.2,
        "attack_success_rate_in_epsilon_l0": 0.0,
        "attack_success_rate_in_epsilon_l1": 91.2,
        "attack_success_rate_in_epsilon_l1_linf": 91.2,
        "attack_success_rate_in_epsilon_l2": 5.4,
        "mean_adv_distance_l1": 11.99999993934966,
        "mean_adv_distance_l2": 0.7201158314812601,
        "average_sparsity": 0.9916932893291651,
        "average_sparsity_l1_linf": 1136.3618421052631
    },
    "learning_rate_1.0__beta_0.2": {
        "mean_runtime_per_image": 3.726123819351196,
        "attack_success_rate": 90.4,
        "attack_success_rate_in_epsilon_l0": 0.0,
        "attack_success_rate_in_epsilon_l1": 90.4,
        "attack_success_rate_in_epsilon_l1_linf": 90.4,
        "attack_success_rate_in_epsilon_l2": 2.6,
        "mean_adv_distance_l1": 12.000000265847266,
        "mean_adv_distance_l2": 0.7754536432634412,
        "average_sparsity": 0.9920476677258296,
        "average_sparsity_l1_linf": 1070.0619469026549
    },
    "learning_rate_1.0__beta_0.5": {
        "mean_runtime_per_image": 3.7165658049583437,
        "attack_success_rate": 84.39999999999999,