{
    "learning_rate_0.1__beta_0.05": {
        "mean_runtime_per_image": 0.7145505208969116,
        "attack_success_rate": 47.199999999999996,
        "attack_success_rate_in_epsilon_l0": 0.0,
        "attack_success_rate_in_epsilon_l1": 0.0,
        "attack_success_rate_in_epsilon_l1_linf": 47.199999999999996,
        "attack_success_rate_in_epsilon_l2": 47.199999999999996,
        "mean_adv_distance_l1": 4.894521642539461,
        "mean_adv_distance_l2": 0.33938230353139215,
        "average_sparsity": 0.8319153866525425,
        "average_sparsity_l1_linf": 172.13983050847457
    },
    "learning_rate_0.1__beta_0.1": {
        "mean_runtime_per_image": 0.7150231218338012,
        "attack_success_rate": 50.8,
        "attack_success_rate_in_epsilon_l0": 0.0,
        "attack_success_rate_in_epsilon_l1": 0.0,
        "attack_success_rate_in_epsilon_l1_linf": 50.8,
        "attack_success_rate_in_epsilon_l2": 49.0,
        "mean_adv_distance_l1": 5.082047163970827,
        "mean_adv_distance_l2": 0.41347144684922976,
        "average_sparsity": 0.8907890419947507,
        "average_sparsity_l1_linf": 111.84251968503936
    },
    "learning_rate_0.1__beta_0.2": {
        "mean_runtime_per_image": 0.7147217445373535,
        "attack_success_rate": 54.800000000000004,
        "attack_success_rate_in_epsilon_l0": 0.0,
        "attack_success_rate_in_epsilon_l1": 0.0,
        "attack_success_rate_in_epsilon_l1_linf": 54.800000000000004,
        "attack_success_rate_in_epsilon_l2": 44.0,
        "mean_adv_distance_l1": 5.22106736593873,
        "mean_adv_distance_l2": 0.48794030120773035,
        "average_sparsity": 0.921700359260949,
        "average_sparsity_l1_linf": 80.18613138686132
    },
    "learning_rate_0.1__beta_0.5": {
        "mean_runtime_per_image": 0.7139393167495728,
        "attack_success_rate": 55.800000000000004,
        "attack_success_rate_in_epsilon_l0": 0.0,
        "attack_success_rate_in_epsilon_l1": 0.0,
        "attack_success_rate_in_epsilon_l1_linf": 55.800000000000004,
        "attack_success_rate_in_epsilon_l2": 25.8,
        "mean_adv_distance_l1": 5.356404001994799,
        "mean_adv_distance_l2": 0.5661035615910766,
        "average_sparsity": 0.9393142827807646,
        "average_sparsity_l1_linf": 62.1505376344086
    },
    "learning_rate_0.1__beta_1.0": {
        "mean_runtime_per_image": 0.7142066287994385,
        "attack_success_rate": 56.8,
        "attack_success_rate_in_epsilon_l0": 0.0,
        "attack_success_rate_in_epsilon_l1": 0.0,
        "attack_success_rate_in_epsilon_l1_linf": 56.8,
        "attack_success_rate_in_epsilon_l2": 19.400000000000002,
        "mean_adv_distance_l1": 5.403421425483596,
        "mean_adv_distance_l2": 0.6013909476533742,
        "average_sparsity": 0.9440448026701878,
        "average_sparsity_l1_linf": 57.30281690140845
    },
    "learning_rate_0.2__beta_0.05": {
        "mean_runtime_per_image": 0.7157243938446045,
        "attack_success_rate": 53.400000000000006,
        "attack_success_rate_in_epsilon_l0": 0.0,
        "attack_success_rate_in_epsilon_l1": 0.0,
        "attack_success_rate_in_epsilon_l1_linf": 53.400000000000006,
        "attack_success_rate_in_epsilon_l2": 47.8,
        "mean_adv_distance_l1": 5.090606098317921,
        "mean_adv_distance_l2": 0.444494125883231,
        "average_sparsity": 0.8994872132490637,
        "average_sparsity_l1_linf": 102.93632958801498
    },
    "learning_rate_0.2__beta_0.1": {
        "mean_runtime_per_image": 0.7147100973129272,
        "attack_success_rate": 55.60000000000001,
        "attack_success_rate_in_epsilon_l0": 0.0,
        "attack_success_rate_in_epsilon_l1": 0.0,
        "attack_success_rate_in_epsilon_l1_linf": 55.60000000000001,
        "attack_success_rate_in_epsilon_l2": 40.2,
        "mean_adv_distance_l1": 5.234136600288556,
        "mean_adv_distance_l2": 0.5071426224794319,
        "average_sparsity": 0.9243550472122302,
        "average_sparsity_l1_linf": 77.46762589928058
    },
    "learning_rate_0.2__beta_0.2": {
        "mean_runtime_per_image": 0.7139082798957824,
        "attack_success_rate": 56.39999999999999,
        "attack_success_rate_in_epsilon_l0": 0.0,
        "attack_success_rate_in_epsilon_l1": 0.0,
        "attack_success_rate_in_epsilon_l1_linf": 56.39999999999999,
        "attack_success_rate_in_epsilon_l2": 27.6,
        "mean_adv_distance_l1": 5.339907854161364,
        "mean_adv_distance_l2": 0.5588916943851092,
        "average_sparsity": 0.9368489583333335,
        "average_sparsity_l1_linf": 64.67375886524823
    },
    "learning_rate_0.2__beta_0.5": {
        "mean_runtime_per_image": 0.7121229667663574,
        "attack_success_rate": 56.599999999999994,
        "attack_success_rate_in_epsilon_l0": 0.0,
        "attack_success_rate_in_epsilon_l1": 0.0,
        "attack_success_rate_in_epsilon_l1_linf": 56.599999999999994,
        "attack_success_rate_in_epsilon_l2": 18.2,
        "mean_adv_distance_l1": 5.404390506946577,
        "mean_adv_distance_l2": 0.6040772878870947,
        "average_sparsity": 0.9442013582155477,
        "average_sparsity_l1_linf": 57.14134275618375
    },
    "learning_rate_0.2__beta_1.0": {
        "mean_runtime_per_image": 0.7150114274024963,
        "attack_success_rate": 55.400000000000006,
        "attack_success_rate_in_epsilon_l0": 0.0,
        "attack_success_rate_in_epsilon_l1": 0.0,
        "attack_success_rate_in_epsilon_l1_linf": 55.400000000000006,
        "attack_success_rate_in_epsilon_l2": 12.8,
        "mean_adv_distance_l1": 5.429122356731539,
        "mean_adv_distance_l2": 0.6270131547313305,
        "average_sparsity": 0.9474430749849581,
        "average_sparsity_l1_linf": 53.82310469314079
    },
    "learning_rate_0.5__beta_0.05": {
        "mean_runtime_per_image": 0.7144590005874634,
        "attack_success_rate": 56.2,
        "attack_success_rate_in_epsilon_l0": 0.0,
        "attack_success_rate_in_epsilon_l1": 0.0,
        "attack_success_rate_in_epsilon_l1_linf": 56.2,
        "attack_success_rate_in_epsilon_l2": 28.199999999999996,
        "mean_adv_distance_l1": 5.300527928987008,
        "mean_adv_distance_l2": 0.5562954502597822,
        "average_sparsity": 0.9335728981316728,
        "average_sparsity_l1_linf": 68.02846975088968
    },
    "learning_rate_0.5__beta_0.1": {
        "mean_runtime_per_image": 0.7123059415817261,
        "attack_success_rate": 56.599999999999994,
        "attack_success_rate_in_epsilon_l0": 0.0,
        "attack_success_rate_in_epsilon_l1": 0.0,
        "attack_success_rate_in_epsilon_l1_linf": 56.599999999999994,
        "attack_success_rate_in_epsilon_l2": 21.6,
        "mean_adv_distance_l1": 5.376849639542111,
        "mean_adv_distance_l2": 0.5883850697493805,
        "average_sparsity": 0.9409680046378094,
        "average_sparsity_l1_linf": 60.45583038869258
    },
    "learning_rate_0.5__beta_0.2": {
        "mean_runtime_per_image": 0.7136362690925598,
        "attack_success_rate": 56.99999999999999,
        "attack_success_rate_in_epsilon_l0": 0.0,
        "attack_success_rate_in_epsilon_l1": 0.0,
        "attack_success_rate_in_epsilon_l1_linf": 56.99999999999999,
        "attack_success_rate_in_epsilon_l2": 17.599999999999998,
        "mean_adv_distance_l1": 5.403664781336198,
        "mean_adv_distance_l2": 0.6098668392290149,
        "average_sparsity": 0.9445106907894737,
        "average_sparsity_l1_linf": 56.824561403508774
    },
    "learning_rate_0.5__beta_0.5": {
        "mean_runtime_per_image": 0.713330509185791,
        "attack_success_rate": 54.6,
        "attack_success_rate_in_epsilon_l0": 0.0,
        "attack_success_rate_in_epsilon_l1": 0.0,
        "attack_success_rate_in_epsilon_l1_linf": 54.6,
        "attack_success_rate_in_epsilon_l2": 11.4,
        "mean_adv_distance_l1": 5.442538939116202,
        "mean_adv_distance_l2": 0.6389674890390683,
        "average_sparsity": 0.9484162755647131,
        "average_sparsity_l1_linf": 52.827838827838825
    },