{"2": {"adversarial_distance_pgd": [0.11712804436683655, 0.24564597010612488, 0.24990476667881012, 0.2862551808357239, 0.6923419833183289], "adversarial_distance_second_attack": [0.11207076162099838, 0.2957240045070648, 0.3634525537490845, 0.2922222316265106, 0.6836369037628174], "clever_score": [0.13572750461038127, 0.008004309015323802, 0.3056006885989999, 0.009318717483150513, 0.6836369037628174], "indices": [0, 1, 2, 3, 4]}}