{
    "fast_gradient_method": {
        "adversarial_distance": [
            0.32499992847442627,
            2.0249991416931152,
            1.0849997997283936,
            0.32999998331069946,
            0.17000000178813934
        ],
        "runtime": [
            2.3744473457336426,
            2.8131136894226074,
            1.6696393489837646,
            0.4530775547027588,
            0.2526364326477051
        ],
        "adversarial_accuracy": 0.0
    },
    "projected_gradient_descent": {
        "adversarial_distance": [
            0.24990487098693848,
            0.6923413872718811,
            0.2862560451030731,
            0.24564743041992188,
            0.11712828278541565
        ],
        "runtime": [
            2.3906173706054688,
            6.8926100730896,
            2.9041788578033447,
            1.9990503787994385,
            1.0248284339904785
        ],
        "adversarial_accuracy": 0.0
    },
    "newton_fool": {
        "adversarial_distance": [
            0.3489762544631958,
            1.0780673027038574,
            0.5740200877189636,
            0.4913316071033478,
            0.2717397212982178
        ],
        "runtime": [
            0.046654462814331055,
            0.19069790840148926,
            0.10921669006347656,
            0.1065664291381836,
            0.04679369926452637
        ],
        "adversarial_accuracy": 0.0
    },
    "deep_fool": {
        "adversarial_distance": [
            0.41172558069229126,
            1.0644826889038086,
            0.5904215574264526,
            0.8180207014083862,
            0.37192925810813904
        ],
        "runtime": [
            0.38997960090637207,
            0.406158447265625,
            0.3906283378601074,
            0.15625667572021484,
            0.1746971607208252
        ],
        "adversarial_accuracy": 0.0
    }
}