{
    "fast_gradient_method": {
        "adversarial_distance": [
            0.003000020980834961,
            0.03660005331039429,
            0.0618000328540802,
            0.003000020980834961,
            0.020100027322769165,
            0.04740002751350403,
            0.0003000497817993164,
            0.0147000253200531,
            0.0012000203132629395,
            0.003000020980834961,
            0.02820003032684326,
            0.0012000203132629395,
            0.00210002064704895,
            0.021000027656555176,
            0.007200002670288086,
            0.06120002269744873,
            0.0003000497817993164,
            0.009000003337860107,
            0.002400010824203491,
            0.004800021648406982
        ],
        "runtime": [
            0.10928153991699219,
            0.8288166522979736,
            1.367661952972412,
            0.08441400527954102,
            0.46310853958129883,
            1.0186474323272705,
            0.03037261962890625,
            0.3661689758300781,
            0.05208086967468262,
            0.08635401725769043,
            0.7057263851165771,
            0.0744178295135498,
            0.10865283012390137,
            0.6709258556365967,
            0.26963043212890625,
            1.8836729526519775,
            0.03196525573730469,
            0.21499156951904297,
            0.07716584205627441,
            0.1281421184539795
        ],
        "adversarial_accuracy": 0.0
    },
    "projected_gradient_descent": {
        "adversarial_distance": [
            0.0027004480361938477,
            0.018000304698944092,
            0.004800081253051758,
            0.0027004480361938477,
            0.004500076174736023,
            0.0054000914096832275,
            0.0003000497817993164,
            0.006000101566314697,
            0.0012000203132629395,
            0.002400040626525879,
            0.015300258994102478,
            0.0012000203132629395,
            0.0018000304698944092,
            0.004800081253051758,
            0.0030000507831573486,
            0.011101841926574707,
            0.0003000497817993164,
            0.00750124454498291,
            0.002100035548210144,
            0.0036000609397888184
        ],
        "runtime": [
            0.7353153228759766,
            4.492588996887207,
            1.249269962310791,
            0.6382644176483154,
            1.187239646911621,
            1.4726123809814453,
            0.07736730575561523,
            1.7215909957885742,
            0.26938533782958984,
            0.5485858917236328,
            4.099616050720215,
            0.33188700675964355,
            0.5062854290008545,
            1.1692225933074951,
            0.8958594799041748,
            2.9476094245910645,
            0.09210777282714844,
            2.0582964420318604,
            0.5759267807006836,
            0.8501503467559814
        ],
        "adversarial_accuracy": 0.0
    },
    "newton_fool": {
        "adversarial_distance": [
            0.04789847135543823,
            0.08049553632736206,
            0.05903783440589905,
            0.04198285937309265,
            0.032959550619125366,
            0.03974810242652893,
            0.0110090970993042,
            0.05775795876979828,
            0.028589248657226562,
            0.021302640438079834,
            0.07631158828735352,
            0.011416137218475342,
            0.01730865240097046,
            0.053869158029556274,
            0.040349703282117844,
            0.07299822568893433,
            0.030747950077056885,
            0.05762891471385956,
            0.020017951726913452,
            0.029450595378875732
        ],
        "runtime": [
            0.06628036499023438,
            0.2814908027648926,
            0.34808945655822754,
            0.06114387512207031,
            0.14450716972351074,
            0.12782001495361328,
            0.07208538055419922,
            0.1178896427154541,
            0.07975125312805176,
            0.06821918487548828,
            0.3603241443634033,
            0.08624696731567383,
            0.08257436752319336,
            0.3827798366546631,
            0.15359807014465332,
            0.2993290424346924,
            0.1470046043395996,
            0.14211010932922363,
            0.06520652770996094,
            0.1309983730316162
        ],
        "adversarial_accuracy": 0.0
    },
    "deep_fool": {
        "adversarial_distance": [
            0.021886050701141357,
            0.09705615043640137,
            0.03119748830795288,
            0.019855022430419922,
            0.03805425763130188,
            0.041066959500312805,
            1.4096498489379883e-05,
            0.04380063712596893,
            0.007166355848312378,
            0.01397588849067688,
            0.08376932144165039,
            0.004371970891952515,
            0.011357486248016357,
            0.02854105830192566,
            0.023682231083512306,
            0.09854933619499207,
            0.0030444562435150146,
            0.0994415432214737,
            0.010849103331565857,
            0.022260576486587524
        ],
        "runtime": [
            0.26264524459838867,
            0.5141918659210205,
            1.0676636695861816,
            0.272385835647583,
            0.6663517951965332,
            56.21507692337036,
            0.28147244453430176,
            0.49700140953063965,
            0.2687492370605469,
            0.26430702209472656,
            0.7867209911346436,
            0.318056583404541,
            0.8476042747497559,
            0.5586442947387695,
            0.2820465564727783,
            1.3513803482055664,
            0.5139365196228027,
            0.24241185188293457,
            0.7489876747131348,
            53.05453014373779
        ],
        "adversarial_accuracy": 10.0
    },
    "elastic_net": {
        "adversarial_distance": [
            0.032058656215667725,
            0.16340817511081696,
            0.05606374144554138,
            0.022690117359161377,
            0.04295620322227478,
            0.05964869260787964,
            0.0004928708076477051,
            0.05484606325626373,
            0.009936600923538208,
            0.031939685344696045,
            0.12672975659370422,
            0.017818212509155273,
            0.019545607268810272,
            0.04351958632469177,
            0.03765225410461426,
            0.043164610862731934,
            0.0,
            0.0453711599111557,
            0.021396279335021973,
            0.02930140495300293
        ],
        "runtime": [
            23.006945848464966,
            22.462830305099487,
            22.62440299987793,
            15.475929737091064,
            15.003985166549683,
            15.441356897354126,
            15.147515773773193,
            15.160888433456421,
            15.337826490402222,
            15.761233806610107,
            15.129228115081787,
            15.183919429779053,
            14.91762661933899,
            15.220977067947388,
            15.661155462265015,
            15.695163249969482,
            14.86935305595398,
            16.283360242843628,
            15.068991661071777,
            15.132394552230835
        ],
        "adversarial_accuracy": 0.0
    },