{
    "fast_gradient_method": {
        "adversarial_distance": [
            4.200009346008301,
            40.28132629394531,
            60.8172492980957,
            2.600001335144043,
            27.99997329711914,
            40.44761657714844,
            0.19999954104423523,
            35.599952697753906,
            1.1999984979629517,
            4.799993515014648,
            42.8354377746582,
            1.400001049041748,
            3.000004291534424,
            39.83291244506836,
            39.795387268066406,
            40.994930267333984,
            0.2000003606081009,
            11.800005912780762,
            2.799999237060547,
            14.800025939941406
        ],
        "runtime": [
            0.1595163345336914,
            1.3584539890289307,
            3.1302099227905273,
            0.15810227394104004,
            1.2287731170654297,
            1.4169681072235107,
            0.02956366539001465,
            1.0279631614685059,
            0.05541801452636719,
            0.15643715858459473,
            1.3487615585327148,
            0.06354999542236328,
            0.11516213417053223,
            1.1438970565795898,
            1.1921038627624512,
            1.329543113708496,
            0.028475046157836914,
            0.3489053249359131,
            0.10172462463378906,
            0.45937037467956543
        ],
        "adversarial_accuracy": 0.0
    },
    "projected_gradient_descent": {
        "adversarial_distance": [
            3.3082518577575684,
            14.896574974060059,
            5.292301654815674,
            2.3688924312591553,
            5.71362829208374,
            6.517482757568359,
            0.19999948143959045,
            6.936785697937012,
            1.1914784908294678,
            2.652824878692627,
            14.632863998413086,
            1.1816065311431885,
            2.326711416244507,
            5.265266418457031,
            2.4140021800994873,
            11.834320068359375,
            0.2000003606081009,
            7.720946788787842,
            2.1215734481811523,
            4.802347183227539
        ],
        "runtime": [
            1.3358120918273926,
            7.323701858520508,
            2.321911573410034,
            0.880845308303833,
            2.4681360721588135,
            2.7999043464660645,
            0.07449674606323242,
            3.2258379459381104,
            0.5270280838012695,
            1.7314748764038086,
            6.869319677352905,
            0.49219346046447754,
            0.9789364337921143,
            2.2478654384613037,
            0.8648672103881836,
            5.630959987640381,
            0.08337688446044922,
            3.2792112827301025,
            0.771442174911499,
            1.9795374870300293
        ],
        "adversarial_accuracy": 0.0
    },
    "newton_fool": {
        "adversarial_distance": [
            11.85724925994873,
            29.34910774230957,
            26.896957397460938,
            8.402445793151855,
            14.069908142089844,
            16.57472038269043,
            2.8910975456237793,
            18.423038482666016,
            4.936296463012695,
            5.960217475891113,
            27.836233139038086,
            2.5036277770996094,
            6.020295143127441,
            23.410215377807617,
            8.717082023620605,
            27.718852996826172,
            7.294661045074463,
            12.791522026062012,
            3.772184133529663,
            9.61742115020752
        ],
        "runtime": [
            0.060976266860961914,
            0.279202938079834,
            0.3609745502471924,
            0.06639409065246582,
            0.14736509323120117,
            0.13430237770080566,
            0.08115196228027344,
            0.14530062675476074,
            0.08555459976196289,
            0.09962010383605957,
            0.4002108573913574,
            0.08145332336425781,
            0.08762240409851074,
            0.3536033630371094,
            0.14572906494140625,
            0.36157822608947754,
            0.1509997844696045,
            0.13535094261169434,
            0.0705878734588623,
            0.15240883827209473
        ],
        "adversarial_accuracy": 0.0
    },
    "deep_fool": {
        "adversarial_distance": [
            5.390859127044678,
            34.37167739868164,
            12.733012199401855,
            4.09583854675293,
            14.446113586425781,
            14.130341529846191,
            0.004601900465786457,
            12.099462509155273,
            1.5702581405639648,
            4.274345397949219,
            34.0297966003418,
            1.3808648586273193,
            2.6595327854156494,
            9.095169067382812,
            6.318548202514648,
            30.618375778198242,
            0.3917838931083679,
            19.69717788696289,
            2.4383506774902344,
            6.426944255828857
        ],
        "runtime": [
            0.2905769348144531,
            0.6170785427093506,
            0.8157534599304199,
            0.29656124114990234,
            0.5397205352783203,
            0.5016720294952393,
            0.2442944049835205,
            0.5073637962341309,
            0.2640531063079834,
            0.26360058784484863,
            0.7984468936920166,
            0.2543625831604004,
            0.3288228511810303,
            0.6121959686279297,
            0.27153611183166504,
            0.7922194004058838,
            0.619758129119873,
            0.2948570251464844,
            0.5552713871002197,
            0.4723396301269531
        ],
        "adversarial_accuracy": 0.0
    },
    "elastic_net": {
        "adversarial_distance": [
            1.9936798810958862,
            12.872930526733398,
            2.4951045513153076,
            1.1712002754211426,
            3.17930269241333,
            2.4720027446746826,
            0.0008546113967895508,
            3.2867753505706787,
            0.6223716735839844,
            0.9603670835494995,
            5.283828258514404,
            0.34973132610321045,
            1.0756194591522217,
            1.3638708591461182,
            1.2220324277877808,
            2.9839863777160645,
            0.0,
            9.189830780029297,
            1.0040324926376343,
            3.656162738800049
        ],
        "runtime": [
            25.729089736938477,
            21.71297001838684,
            22.102960348129272,
            14.592036962509155,
            14.168020486831665,
            14.429178476333618,
            14.254213571548462,
            14.479079723358154,
            14.283725261688232,
            14.220280647277832,
            14.720743894577026,
            15.211975336074829,
            14.625794172286987,
            14.260865211486816,
            14.147391319274902,
            14.113706111907959,
            14.140450477600098,
            13.875009298324585,
            13.926323652267456,
            14.000102519989014
        ],
        "adversarial_accuracy": 0.0
    }
}