{
    "fast_gradient_method": {
        "adversarial_distance": [
            0.11499941349029541,
            1.8449397087097168,
            3.809990882873535,
            0.08499983698129654,
            0.7099968791007996,
            4.034985065460205,
            0.004999991040676832,
            0.9749850630760193,
            0.035000018775463104,
            0.1349991410970688,
            2.254985809326172,
            0.039999984204769135,
            0.07999995350837708,
            1.1449941396713257,
            5.001689434051514,
            4.124987602233887,
            0.0050000036135315895,
            0.3399978280067444,
            0.08999992907047272,
            0.43497923016548157
        ],
        "runtime": [
            0.7969262599945068,
            4.0542051792144775,
            12.0311758518219,
            0.3208765983581543,
            2.1644656658172607,
            6.671743154525757,
            0.031147480010986328,
            1.46022629737854,
            0.11033368110656738,
            0.2548553943634033,
            3.3639075756073,
            0.07478022575378418,
            0.12594151496887207,
            1.4476954936981201,
            6.573949575424194,
            6.026242733001709,
            0.031060218811035156,
            0.45406413078308105,
            0.13318538665771484,
            0.5518851280212402
        ],
        "adversarial_accuracy": 0.0
    },
    "projected_gradient_descent": {
        "adversarial_distance": [
            0.09164093434810638,
            0.3870657980442047,
            0.13956959545612335,
            0.07883620262145996,
            0.14508120715618134,
            0.17192970216274261,
            0.0049999915063381195,
            0.18865719437599182,
            0.03470679372549057,
            0.07440569996833801,
            0.36995047330856323,
            0.03438244014978409,
            0.06267780810594559,
            0.14422449469566345,
            0.08161914348602295,
            0.32339122891426086,
            0.0050000036135315895,
            0.2138800024986267,
            0.06200602278113365,
            0.12579499185085297
        ],
        "runtime": [
            1.305952787399292,
            7.790972471237183,
            3.2269134521484375,
            1.3502507209777832,
            2.732715606689453,
            2.7083868980407715,
            0.08915209770202637,
            2.9494388103485107,
            0.5354633331298828,
            1.3443057537078857,
            7.709919691085815,
            0.6097464561462402,
            1.1584513187408447,
            2.8534975051879883,
            1.6015048027038574,
            6.980279207229614,
            0.08022189140319824,
            4.830141544342041,
            2.1790146827697754,
            2.7196340560913086
        ],
        "adversarial_accuracy": 0.0
    },
    "newton_fool": {
        "adversarial_distance": [
            0.318400502204895,
            0.7515562772750854,
            0.654910147190094,
            0.2618172764778137,
            0.3547009229660034,
            0.4321786165237427,
            0.08064751327037811,
            0.4788702428340912,
            0.14670151472091675,
            0.16855067014694214,
            0.6916034817695618,
            0.07703855633735657,
            0.1552758812904358,
            0.5723145008087158,
            0.26091134548187256,
            0.7286077737808228,
            0.21243607997894287,
            0.3573550879955292,
            0.12138678878545761,
            0.25654157996177673
        ],
        "runtime": [
            0.0685129165649414,
            0.27047228813171387,
            0.34331250190734863,
            0.06682896614074707,
            0.1410379409790039,
            0.1345047950744629,
            0.09662461280822754,
            0.1580827236175537,
            0.07610154151916504,
            0.07677483558654785,
            0.3549220561981201,
            0.09016060829162598,
            0.0684201717376709,
            0.3430294990539551,
            0.14591002464294434,
            0.26933979988098145,
            0.13932251930236816,
            0.12073755264282227,
            0.06525468826293945,
            0.12549328804016113
        ],
        "adversarial_accuracy": 0.0
    },
    "deep_fool": {
        "adversarial_distance": [
            0.12504838407039642,
            0.7665494084358215,
            0.27087169885635376,
            0.1138269454240799,
            0.32083818316459656,
            0.3268296718597412,
            0.00010654322250047699,
            0.28923943638801575,
            0.039732396602630615,
            0.10057743638753891,
            0.7458828687667847,
            0.03482237830758095,
            0.06424775719642639,
            0.21263214945793152,
            0.1681850403547287,
            0.6767427921295166,
            0.014438304118812084,
            0.4792495369911194,
            0.072366863489151,
            0.16121935844421387
        ],
        "runtime": [
            0.20949602127075195,
            0.44287943840026855,
            0.8415491580963135,
            0.21025896072387695,
            0.3891880512237549,
            0.594412088394165,
            0.19619417190551758,
            0.447878360748291,
            0.21651196479797363,
            0.20545482635498047,
            0.6502418518066406,
            0.18883204460144043,
            47.8032124042511,
            0.6470575332641602,
            0.301588773727417,
            1.327939748764038,
            0.6133034229278564,
            0.24404478073120117,
            0.7681393623352051,
            0.9958600997924805
        ],
        "adversarial_accuracy": 5.0
    },
    "elastic_net": {
        "adversarial_distance": [
            0.12786376476287842,
            0.8039071559906006,
            0.1795063018798828,
            0.09614378213882446,
            0.19655396044254303,
            0.23516800999641418,
            0.0006113737472333014,
            0.2371336668729782,
            0.037241991609334946,
            0.11552264541387558,
            0.39782387018203735,
            0.05519535392522812,
            0.07988600432872772,
            0.1676723062992096,
            0.11257435381412506,
            0.20825272798538208,
            0.0,
            0.3523791432380676,
            0.0836825743317604,
            0.15782301127910614
        ],
        "runtime": [
            23.04403328895569,
            22.70460844039917,
            20.2463858127594,
            14.666217565536499,
            14.68296504020691,
            14.805134057998657,
            14.705048322677612,
            14.708717823028564,
            14.885622501373291,
            15.528203248977661,
            14.634741306304932,
            14.745046615600586,
            14.944256782531738,
            14.923961877822876,
            15.0558762550354,
            15.51514458656311,
            15.06729793548584,
            14.891223430633545,
            14.922643423080444,
            14.812774896621704
        ],
        "adversarial_accuracy": 0.0
    },
    "carlini_wagner_l2": {
        "adversarial_distance": [
            0.088224858045578,
            0.556605339050293,
            0.10960762202739716,
            0.08364793658256531,
            0.1370633840560913,
            0.14147281646728516,
            0.00014847445709165186,
            0.16375945508480072,
            0.03297333046793938,
            0.0770479366183281,
            0.3264281451702118,
            0.03217614069581032,
            0.05672910436987877,
            0.09803097695112228,
            0.09515634179115295,
            0.12601760029792786,
            0.0,
            0.30087801814079285,
            0.05934836342930794,
            0.11604392528533936
        ],