{"eps_iter_list": [7.5e-05, 0.00015, 0.0003, 0.0006, 0.0012, 0.0024, 0.0048], "runtime_list": [20.674903869628906, 12.407978773117065, 6.582463026046753, 2.9323108196258545, 1.7677826881408691, 0.9819087982177734, 0.43756747245788574], "adv_dist_list": [0.009864136576652527, 0.00997665524482727, 0.01035037636756897, 0.010800182819366455, 0.011400192975997925, 0.01320008933544159, 0.014400064945220947]}