{"projected_gradient_descent": {"adversarial_accuracy": 0.0, "adversarial_distance": [0.30000007152557373, 0.30000007152557373, 0.30000007152557373, 0.6000001430511475, 0.30000007152557373, 0.30000007152557373, 0.30000007152557373, 0.30000007152557373, 0.30000007152557373, 0.30000007152557373, 0.30000007152557373, 0.30000007152557373, 0.30000007152557373, 0.30000007152557373, 0.6000001430511475, 0.30000007152557373, 0.30000007152557373, 0.30000007152557373, 0.30000007152557373, 0.30000007152557373, 0.30000007152557373, 0.30000007152557373, 0.30000007152557373, 0.30000007152557373, 0.30000007152557373, 0.6000001430511475, 0.30000007152557373, 0.30000007152557373, 0.30000007152557373, 0.30000007152557373, 0.30000007152557373, 0.30000007152557373, 0.6000001430511475, 0.30000007152557373, 0.30000007152557373, 0.6000001430511475, 0.30000007152557373, 0.30000007152557373, 0.30000007152557373, 0.30000007152557373, 0.30000007152557373, 0.30000007152557373, 0.30000007152557373, 0.30000007152557373, 0.30000007152557373, 0.6000001430511475, 0.30000007152557373, 0.30000007152557373, 0.30000007152557373, 0.30000007152557373], "runtime": [1.4090251922607422, 0.08297133445739746, 0.08054089546203613, 0.15792012214660645, 0.0857396125793457, 0.09725522994995117, 0.08896684646606445, 0.08678984642028809, 0.09206962585449219, 0.1003880500793457, 0.07919931411743164, 0.08554911613464355, 0.07875275611877441, 0.08265328407287598, 0.1723771095275879, 0.08796000480651855, 0.06961846351623535, 0.08964371681213379, 0.07915210723876953, 0.07734560966491699, 0.0875844955444336, 0.07903695106506348, 0.07361388206481934, 0.07366394996643066, 0.0773019790649414, 0.15222811698913574, 0.08727622032165527, 0.07718729972839355, 0.07756304740905762, 0.08615398406982422, 0.08176255226135254, 0.07321786880493164, 0.15994644165039062, 0.0830681324005127, 0.06836700439453125, 0.15056872367858887, 0.06774497032165527, 0.07019448280334473, 0.08675098419189453, 0.07872581481933594, 0.07026004791259766, 0.07529973983764648, 0.07414793968200684, 0.06598663330078125, 0.06803059577941895, 0.14135336875915527, 0.06550216674804688, 0.06145524978637695, 0.07302713394165039, 0.08324050903320312]}}