{"projected_gradient_descent": {"adversarial_accuracy": 0.0, "adversarial_distance": [0.003000020980834961, 0.003000020980834961, 0.003000020980834961, 0.003000020980834961, 0.003000020980834961, 0.003000020980834961, 0.003000020980834961, 0.003000020980834961, 0.003000020980834961, 0.29400205612182617, 0.003000020980834961, 0.003000020980834961, 0.003000020980834961, 0.003000020980834961, 0.003000020980834961, 0.003000020980834961, 0.17400121688842773, 0.003000020980834961, 0.003000020980834961, 0.003000020980834961, 0.22800159454345703, 0.003000020980834961, 0.003000020980834961, 0.003000020980834961, 0.003000020980834961, 0.003000020980834961, 0.003000020980834961, 0.003000020980834961, 0.003000020980834961, 0.003000020980834961, 0.003000020980834961, 0.003000020980834961, 0.003000020980834961, 0.003000020980834961, 0.003000020980834961, 0.003000020980834961, 0.003000020980834961, 0.003000020980834961, 0.003000020980834961, 0.003000020980834961, 0.003000020980834961, 0.003000020980834961, 0.003000020980834961, 0.003000020980834961, 0.2550017833709717, 0.003000020980834961, 0.003000020980834961, 0.003000020980834961, 0.003000020980834961, 0.003000020980834961], "runtime": [0.0800778865814209, 0.07421755790710449, 0.0767357349395752, 0.08010149002075195, 0.0638875961303711, 0.08478379249572754, 0.07172846794128418, 0.06335115432739258, 0.07588577270507812, 7.8976640701293945, 0.07980108261108398, 0.08125019073486328, 0.10084080696105957, 0.09743189811706543, 0.08153462409973145, 0.0785226821899414, 5.160619020462036, 0.09158992767333984, 0.08999347686767578, 0.08358025550842285, 6.436638832092285, 0.09016060829162598, 0.08171749114990234, 0.07760763168334961, 0.07172012329101562, 0.09409117698669434, 0.09809446334838867, 0.08511805534362793, 0.07464909553527832, 0.08775997161865234, 0.07538795471191406, 0.08179545402526855, 0.09047317504882812, 0.08447623252868652, 0.08896374702453613, 0.0909111499786377, 0.07670092582702637, 0.08574819564819336, 0.0769643783569336, 0.07730388641357422, 0.06578350067138672, 0.07703328132629395, 0.08069276809692383, 0.07781147956848145, 7.1943464279174805, 0.08345675468444824, 0.0629422664642334, 0.07482528686523438, 0.06338119506835938, 0.06738042831420898]}}