{"projected_gradient_descent": {"adversarial_accuracy": 8.0, "adversarial_distance": [0.0003000497817993164, 0.00030000507831573486, 0.00030000507831573486, 0.0003000497817993164, 0.00030000507831573486, 0.00030000507831573486, 0.0003000497817993164, 0.00030000507831573486, 0.00030000507831573486, 0.07500126957893372, 0.0003000497817993164, 0.00030000507831573486, 0.00030000507831573486, 0.00030000507831573486, 0.00030000507831573486, 0.0003000497817993164, 0.0750124454498291, 0.0003000497817993164, 0.00030000507831573486, 0.00030000507831573486, 0.0750124454498291, 0.00030000507831573486, 0.00030000507831573486, 0.00030000507831573486, 0.0003000497817993164, 0.0003000497817993164, 0.00030000507831573486, 0.0003000497817993164, 0.0003000497817993164, 0.00030000507831573486, 0.0003000497817993164, 0.00030000507831573486, 0.00030000507831573486, 0.00030000507831573486, 0.00030000507831573486, 0.00030000507831573486, 0.00030000507831573486, 0.00030000507831573486, 0.0003000497817993164, 0.00030000507831573486, 0.00030000507831573486, 0.00030000507831573486, 0.00030000507831573486, 0.00030000507831573486, 0.0750124454498291, 0.0003000497817993164, 0.00030000507831573486, 0.0003000497817993164, 0.00030000507831573486, 0.00030000507831573486], "runtime": [0.08272337913513184, 0.07467246055603027, 0.06218099594116211, 0.06000518798828125, 0.057824134826660156, 0.061693429946899414, 0.061788320541381836, 0.05596661567687988, 0.08063507080078125, 19.995163202285767, 0.0771017074584961, 0.08519887924194336, 0.08043861389160156, 0.07717537879943848, 0.07524466514587402, 0.08317780494689941, 18.9315447807312, 0.08992695808410645, 0.07909107208251953, 0.08007407188415527, 19.92907691001892, 0.08201193809509277, 0.06264042854309082, 0.07270145416259766, 0.07275176048278809, 0.06790280342102051, 0.06288886070251465, 0.0653388500213623, 0.0722966194152832, 0.06934022903442383, 0.06804800033569336, 0.07229471206665039, 0.06381702423095703, 0.07906103134155273, 0.08375167846679688, 0.08252620697021484, 0.07872724533081055, 0.08737659454345703, 0.08688592910766602, 0.09100651741027832, 0.09135723114013672, 0.08936071395874023, 0.08407878875732422, 0.0771028995513916, 20.10926651954651, 0.08876156806945801, 0.08074474334716797, 0.07945990562438965, 0.08074831962585449, 0.08206582069396973]}}