{"projected_gradient_descent": {"adversarial_accuracy": 0.0, "adversarial_distance": [0.003000020980834961, 0.021000146865844727, 0.009000062942504883, 0.003000020980834961, 0.009000062942504883, 0.009000062942504883, 0.003000020980834961, 0.009000062942504883, 0.003000020980834961, 0.003000020980834961, 0.024000167846679688, 0.003000020980834961, 0.003000020980834961, 0.009000062942504883, 0.006000041961669922, 0.015000104904174805, 0.003000020980834961, 0.009000062942504883, 0.003000020980834961, 0.006000041961669922, 0.006000041961669922, 0.012000083923339844, 0.003000020980834961, 0.006000041961669922, 0.018000125885009766, 0.012000083923339844, 0.006000041961669922, 0.015000104904174805, 0.009000062942504883, 0.009000062942504883, 0.003000020980834961, 0.006000041961669922, 0.003000020980834961, 0.009000062942504883, 0.003000020980834961, 0.006000041961669922, 0.006000041961669922, 0.009000062942504883, 0.003000020980834961, 0.003000020980834961, 0.003000020980834961, 0.012000083923339844, 0.003000020980834961, 0.009000062942504883, 0.003000020980834961, 0.003000020980834961, 0.009000062942504883, 0.003000020980834961, 0.018000125885009766, 0.015000104904174805], "runtime": [0.08217144012451172, 0.5687198638916016, 0.2709386348724365, 0.08979916572570801, 0.24084854125976562, 0.2565462589263916, 0.09331583976745605, 0.271787166595459, 0.09032630920410156, 0.09235954284667969, 0.733623743057251, 0.08768081665039062, 0.0844717025756836, 0.28519272804260254, 0.19020915031433105, 0.46851611137390137, 0.0892338752746582, 0.2691061496734619, 0.08521032333374023, 0.4711744785308838, 0.17866897583007812, 0.3677506446838379, 0.08838891983032227, 0.16267752647399902, 0.5148720741271973, 0.384990930557251, 0.18693041801452637, 0.37499117851257324, 0.2703437805175781, 0.2581477165222168, 0.0974268913269043, 0.13861775398254395, 0.08407855033874512, 0.2804596424102783, 0.08623790740966797, 0.17081308364868164, 0.19233155250549316, 0.2832460403442383, 0.08325648307800293, 0.0750572681427002, 0.07323002815246582, 0.3438684940338135, 0.06894063949584961, 0.2440485954284668, 0.07469534873962402, 0.09055566787719727, 0.260303258895874, 0.08705806732177734, 0.5246396064758301, 0.4500875473022461]}}