{"projected_gradient_descent": {"adversarial_accuracy": 0.0, "adversarial_distance": [0.030000030994415283, 0.030000030994415283, 0.030000001192092896, 0.030000030994415283, 0.030000001192092896, 0.030000001192092896, 0.030000030994415283, 0.030000001192092896, 0.030000001192092896, 0.30000001192092896, 0.030000030994415283, 0.030000030994415283, 0.030000001192092896, 0.030000030994415283, 0.030000001192092896, 0.030000030994415283, 0.21000000834465027, 0.030000030994415283, 0.030000001192092896, 0.030000001192092896, 0.27000001072883606, 0.030000030994415283, 0.030000001192092896, 0.030000001192092896, 0.030000030994415283, 0.030000030994415283, 0.030000030994415283, 0.030000030994415283, 0.030000030994415283, 0.030000001192092896, 0.030000030994415283, 0.030000001192092896, 0.030000030994415283, 0.030000001192092896, 0.030000001192092896, 0.030000001192092896, 0.030000001192092896, 0.030000001192092896, 0.030000030994415283, 0.030000001192092896, 0.030000001192092896, 0.030000001192092896, 0.030000001192092896, 0.030000030994415283, 0.27000001072883606, 0.030000030994415283, 0.030000030994415283, 0.030000030994415283, 0.030000001192092896, 0.030000001192092896], "runtime": [0.0761876106262207, 0.0784308910369873, 0.07782864570617676, 0.0930473804473877, 0.0863649845123291, 0.07369804382324219, 0.08679699897766113, 0.06910181045532227, 0.07310914993286133, 0.7639522552490234, 0.08180880546569824, 0.0853273868560791, 0.08390259742736816, 0.08068323135375977, 0.07945513725280762, 0.08387064933776855, 0.5201928615570068, 0.06926989555358887, 0.07136702537536621, 0.10196685791015625, 0.726893424987793, 0.08616089820861816, 0.0772860050201416, 0.07949209213256836, 0.08110809326171875, 0.08903741836547852, 0.07864165306091309, 0.06961274147033691, 0.06536149978637695, 0.06681489944458008, 0.08274269104003906, 0.08044052124023438, 0.08388233184814453, 0.08664512634277344, 0.0861654281616211, 0.08682751655578613, 0.08925366401672363, 0.0854039192199707, 0.09220385551452637, 0.08395147323608398, 0.10188078880310059, 0.09416866302490234, 0.08925914764404297, 0.09798884391784668, 0.7343387603759766, 0.08774542808532715, 0.06856298446655273, 0.0665285587310791, 0.06084465980529785, 0.061293601989746094]}}