{"projected_gradient_descent": {"adversarial_accuracy": 0.0, "adversarial_distance": [0.030000030994415283, 0.06000000238418579, 0.06000000238418579, 0.030000030994415283, 0.030000001192092896, 0.06000000238418579, 0.030000030994415283, 0.030000001192092896, 0.030000001192092896, 0.030000001192092896, 0.030000001192092896, 0.030000030994415283, 0.030000001192092896, 0.030000030994415283, 0.030000001192092896, 0.06000000238418579, 0.030000030994415283, 0.030000030994415283, 0.030000001192092896, 0.030000001192092896, 0.030000030994415283, 0.06000000238418579, 0.030000001192092896, 0.030000001192092896, 0.030000030994415283, 0.06000000238418579, 0.030000030994415283, 0.030000030994415283, 0.06000000238418579, 0.030000001192092896, 0.030000030994415283, 0.030000001192092896, 0.030000030994415283, 0.06000000238418579, 0.030000001192092896, 0.06000000238418579, 0.030000001192092896, 0.030000001192092896, 0.030000030994415283, 0.030000001192092896, 0.030000001192092896, 0.06000000238418579, 0.030000001192092896, 0.030000030994415283, 0.030000030994415283, 0.030000030994415283, 0.030000030994415283, 0.030000030994415283, 0.030000030994415283, 0.06000000238418579], "runtime": [0.08606958389282227, 0.17812681198120117, 0.14902281761169434, 0.07507157325744629, 0.07752442359924316, 0.18109917640686035, 0.08654284477233887, 0.0832066535949707, 0.09615468978881836, 0.07398557662963867, 0.07605838775634766, 0.0799407958984375, 0.08911967277526855, 0.06863975524902344, 0.08253026008605957, 0.14931488037109375, 0.08287549018859863, 0.08482480049133301, 0.07738828659057617, 0.07593846321105957, 0.07251214981079102, 0.1323082447052002, 0.07306051254272461, 0.062157392501831055, 0.08703494071960449, 0.17167091369628906, 0.07496523857116699, 0.08884978294372559, 0.16886425018310547, 0.08471107482910156, 0.09422922134399414, 0.08310389518737793, 0.09162759780883789, 0.15677094459533691, 0.06861329078674316, 0.17234063148498535, 0.07432222366333008, 0.06534242630004883, 0.0639944076538086, 0.06468844413757324, 0.06952309608459473, 0.14812040328979492, 0.06537985801696777, 0.06675004959106445, 0.06604552268981934, 0.09191012382507324, 0.08831620216369629, 0.07695198059082031, 0.09723591804504395, 0.1450948715209961]}}