{"projected_gradient_descent": {"adversarial_accuracy": 0.0, "adversarial_distance": [0.30000007152557373, 0.30000007152557373, 0.30000007152557373, 0.30000007152557373, 0.30000007152557373, 0.30000007152557373, 0.30000007152557373, 0.30000007152557373, 0.30000007152557373, 0.30000007152557373, 0.30000007152557373, 0.30000007152557373, 0.30000007152557373, 0.30000007152557373, 0.30000007152557373, 0.30000007152557373, 0.30000007152557373, 0.6000001430511475, 0.30000007152557373, 0.30000007152557373, 0.30000007152557373, 0.30000007152557373, 0.30000007152557373, 0.30000007152557373, 0.30000007152557373, 0.30000007152557373, 0.30000007152557373, 0.30000007152557373, 0.30000007152557373, 0.30000007152557373, 0.30000007152557373, 0.30000007152557373, 0.30000007152557373, 0.30000007152557373, 0.30000007152557373, 0.30000007152557373, 0.30000007152557373, 0.30000007152557373, 0.30000007152557373, 0.30000007152557373, 0.30000007152557373, 0.30000007152557373, 0.30000007152557373, 0.30000007152557373, 0.30000007152557373, 0.30000007152557373, 0.6000001430511475, 0.30000007152557373, 0.30000007152557373, 0.30000007152557373], "runtime": [0.07801532745361328, 0.06754565238952637, 0.06362175941467285, 0.06848454475402832, 0.07479453086853027, 0.07384705543518066, 0.07229971885681152, 0.07148146629333496, 0.07792448997497559, 0.06917691230773926, 0.07450008392333984, 0.07227873802185059, 0.07417654991149902, 0.06820011138916016, 0.06590795516967773, 0.0690157413482666, 0.49550580978393555, 0.1454310417175293, 0.07054495811462402, 0.0713953971862793, 0.07419514656066895, 0.07759928703308105, 0.0784766674041748, 0.07199931144714355, 0.07859086990356445, 0.06354212760925293, 0.06881570816040039, 0.06727910041809082, 0.07291460037231445, 0.08622479438781738, 0.08595609664916992, 0.07421350479125977, 0.08057546615600586, 0.07670283317565918, 0.07383108139038086, 0.08821868896484375, 0.09101510047912598, 0.07903790473937988, 0.07442402839660645, 0.06696772575378418, 0.09150385856628418, 0.08403182029724121, 0.08113884925842285, 0.06354904174804688, 0.07636618614196777, 0.07595705986022949, 0.13826847076416016, 0.07248306274414062, 0.0885617733001709, 0.08092880249023438]}}