{"projected_gradient_descent": {"adversarial_accuracy": 0.0, "adversarial_distance": [0.0027004480361938477, 0.018000304698944092, 0.004800081253051758, 0.0027004480361938477, 0.004500076174736023, 0.0054000914096832275, 0.0003000497817993164, 0.006000101566314697, 0.0012000203132629395, 0.002400040626525879, 0.015300258994102478, 0.0012000203132629395, 0.0018000304698944092, 0.004800081253051758, 0.0030000507831573486, 0.011101841926574707, 0.0003000497817993164, 0.00750124454498291, 0.002100035548210144, 0.0036000609397888184, 0.004500746726989746, 0.008100137114524841, 0.0009000152349472046, 0.0027000457048416138, 0.014102339744567871, 0.008101344108581543, 0.002400040626525879, 0.012302041053771973, 0.006600111722946167, 0.006600111722946167, 0.0024003982543945312, 0.004200071096420288, 0.0015000253915786743, 0.0054000914096832275, 0.0015000253915786743, 0.002400040626525879, 0.0039000660181045532, 0.006000101566314697, 0.0009001493453979492, 0.0006000101566314697, 0.002400040626525879, 0.007200121879577637, 0.0015000253915786743, 0.005700945854187012, 0.002100348472595215, 0.0003000497817993164, 0.006601095199584961, 0.002100348472595215, 0.012900218367576599, 0.01230020821094513], "runtime": [0.6771416664123535, 4.425290822982788, 1.0956859588623047, 0.8195250034332275, 1.2928853034973145, 1.5495679378509521, 0.08989167213439941, 1.7805542945861816, 0.36957240104675293, 0.6509048938751221, 3.8546574115753174, 0.33591675758361816, 0.5027902126312256, 1.282170295715332, 0.8374879360198975, 3.056436061859131, 0.08749675750732422, 2.1089158058166504, 0.575347900390625, 0.9667127132415771, 1.1900825500488281, 2.1426842212677, 0.24949169158935547, 0.7853517532348633, 3.7601702213287354, 1.9676933288574219, 0.62546706199646, 3.362701177597046, 1.7498860359191895, 1.8173272609710693, 0.5787050724029541, 1.4312183856964111, 0.40234947204589844, 1.462299108505249, 0.40504908561706543, 0.682192325592041, 1.0930938720703125, 1.6384143829345703, 0.24272871017456055, 0.16058993339538574, 0.6310684680938721, 1.9221620559692383, 0.30286502838134766, 1.226642370223999, 0.4128434658050537, 0.06731605529785156, 1.6910152435302734, 0.6061520576477051, 3.3009567260742188, 2.9954988956451416]}}